"item1","item2","item3","item4","item5","item6","item7","item8","item9","item10","item11","item12","item13","item14","item15","item16","item17","item18","item19","item20","item21","item22","item23","item24","item25","item26","item27","item28","item29","item30","item31","item32","item33","item34","item35","item36","item37","item38","item39","item40","item41","item42","item43","item44","item45","item46","item47","item48","item49","item50","item51","item52","item53","item54","item55","item56","item57","item58","item59","item60","item61","item62","item63","item64","item65","item66","item67","item68","item69","item70","item71","item72","item73","item74","item75","item76","item77","item78","item79","item80","item81","item82","item83","item84","item85","item86","item87","item88","item89","item90","item91","item92","item93","item94","item95","item96","item97","item98","item99","item100","NA","NA","NA","NA","NA","NA"
2,3,4,4,2,3,5,4,3,4,2,5,4,4,4,4,3,4,4,4,4,2,4,2,2,5,3,4,4,5,4,4,4,2,2,5,5,4,4,2,2,2,4,4,3,4,4,4,5,4,3,4,2,4,3,4,2,3,3,5,5,4,4,2,2,4,4,4,3,4,3,4,4,4,3,5,2,5,2,5,4,4,2,5,3,4,2,2,4,4,2,4,4,4,3,4,5,4,5,4,65,44,54,54,65,58
2,3,4,4,2,3,4,4,3,3,3,5,4,4,4,3,4,4,4,4,4,3,5,2,2,4,3,4,4,5,4,4,4,2,2,5,5,4,4,2,2,4,4,4,3,4,5,5,5,4,3,4,2,4,4,4,3,3,3,5,4,4,4,2,4,4,4,4,3,3,4,4,5,4,4,4,2,5,3,5,4,3,3,5,3,4,2,2,3,4,3,4,3,4,4,4,5,5,5,1,68,52,50,55,64,60
4,4,4,4,3,3,4,4,4,3,2,5,4,4,4,4,4,5,3,4,4,3,4,3,3,4,4,4,3,5,4,3,4,4,2,4,4,4,4,4,2,4,4,4,4,4,4,5,4,4,3,3,2,3,4,4,4,4,2,5,4,4,4,4,4,4,4,4,4,2,4,4,4,4,3,4,1,5,3,4,4,3,3,5,3,3,3,4,4,4,4,4,3,4,4,4,4,4,5,2,68,48,58,60,62,60
1,4,3,3,5,1,3,3,2,1,5,5,1,5,2,1,5,5,1,1,3,2,4,5,1,5,4,3,3,5,1,4,5,2,1,1,5,1,2,3,1,1,1,2,4,3,3,5,1,5,1,3,5,1,1,2,3,5,1,5,1,5,2,5,4,1,2,4,3,5,5,1,5,2,2,3,1,5,1,1,5,1,5,5,1,3,1,5,2,1,1,1,2,2,1,1,5,5,5,2,48,51,47,44,48,27
1,4,5,3,5,3,3,2,1,1,5,5,1,5,1,1,5,5,1,5,3,2,1,3,1,5,5,2,3,5,3,4,5,2,1,5,2,3,1,1,1,1,1,3,5,2,2,5,1,5,1,1,5,4,1,5,1,1,1,5,2,5,1,2,1,5,1,5,5,3,3,1,3,2,1,3,1,5,1,5,5,1,5,5,1,3,1,1,1,5,1,5,3,4,1,2,5,3,5,1,64,41,30,44,66,24
3,3,3,3,3,3,3,3,3,3,3,3,3,3,3,3,3,3,3,3,3,3,3,3,3,3,3,3,3,3,3,3,3,3,3,3,3,3,3,3,3,3,3,3,3,3,3,3,3,3,3,3,3,3,3,3,3,3,3,5,3,3,3,3,3,3,3,3,3,3,3,3,3,3,3,3,3,3,3,3,3,3,3,3,3,3,3,3,3,3,3,3,3,3,3,3,3,3,3,3,50,48,48,48,48,48
2,2,4,4,2,3,4,4,3,3,3,5,4,4,4,3,4,4,4,4,4,2,4,3,2,4,2,4,4,4,4,3,4,2,2,5,5,4,4,2,3,4,4,3,3,3,4,5,4,4,4,4,2,4,4,3,3,2,3,4,4,4,4,3,3,4,4,4,3,4,4,4,5,4,4,4,2,5,3,4,3,3,3,5,3,3,2,3,4,4,3,3,4,4,4,4,5,4,5,4,67,51,50,55,57,59
1,2,3,2,5,3,1,1,4,1,5,5,2,4,3,1,4,3,2,4,4,1,3,3,1,5,2,2,5,5,3,1,3,1,3,5,2,1,3,1,2,5,2,4,3,1,4,5,1,4,2,3,4,4,1,1,3,1,1,5,3,4,4,1,2,5,1,5,3,5,5,4,5,1,2,2,1,5,1,1,5,2,5,5,4,3,1,1,1,5,4,1,3,2,2,5,5,5,5,4,72,52,27,48,42,34
3,4,5,4,3,3,5,4,4,3,2,5,4,4,4,4,4,5,4,4,3,3,5,3,3,5,4,4,3,5,4,4,4,3,2,1,5,4,4,3,2,3,4,4,4,4,5,5,4,4,4,3,2,4,3,4,5,3,2,5,4,4,4,5,5,4,3,4,4,2,4,3,5,4,4,5,1,5,3,1,4,3,2,5,3,2,4,4,3,4,3,4,3,4,4,5,5,5,5,5,65,49,57,64,60,60
3,3,3,3,3,3,3,3,3,3,3,5,3,3,3,3,3,3,3,3,3,3,3,3,3,3,3,3,3,3,3,3,3,3,3,3,3,3,3,3,3,3,3,3,3,3,3,5,3,3,3,3,3,3,3,3,3,3,3,4,3,3,3,3,3,3,3,3,3,3,3,3,3,3,3,3,3,3,3,3,3,3,3,5,3,3,3,3,3,3,3,3,3,3,3,3,5,3,3,3,55,48,48,48,48,48
1,1,3,3,4,3,3,1,3,1,5,5,2,4,3,1,4,4,3,4,3,1,5,3,1,1,3,2,5,5,3,1,5,1,3,5,1,3,3,1,4,5,3,4,3,1,3,5,1,3,2,3,5,3,1,2,3,1,3,5,4,4,4,1,1,5,4,5,3,1,5,3,5,2,2,3,1,5,1,1,5,1,5,5,3,3,2,1,1,5,1,4,4,1,2,5,5,3,5,3,71,56,23,51,43,37
3,5,3,4,3,3,4,5,3,3,2,5,1,5,4,3,3,5,2,1,3,4,3,3,2,5,4,4,5,5,3,5,4,3,1,5,4,2,3,2,1,5,3,5,3,3,3,5,3,3,3,3,2,3,3,1,3,3,1,5,3,5,4,2,3,5,2,5,4,3,3,3,3,1,3,5,1,5,2,1,4,3,3,5,3,4,2,3,2,5,3,1,3,3,3,3,5,3,5,3,70,39,51,53,54,44
5,2,4,4,1,1,4,5,4,5,1,5,5,2,2,3,2,3,4,4,5,5,1,2,4,1,2,5,1,4,3,5,3,5,1,5,4,2,3,5,1,3,5,4,3,5,3,3,3,5,3,5,1,4,5,5,3,5,3,5,4,3,2,5,4,2,4,4,3,1,3,4,1,4,4,5,1,5,4,5,2,5,1,5,4,3,2,5,3,3,4,1,4,5,5,3,3,5,5,5,57,32,73,49,55,63
2,4,4,3,4,2,5,4,4,4,4,5,3,4,4,1,4,5,5,2,4,3,5,1,5,5,4,3,3,5,5,4,5,3,1,5,4,2,4,5,1,5,4,4,3,4,4,5,4,2,3,3,3,4,1,2,4,4,1,5,3,5,2,4,4,5,4,4,4,3,5,1,5,2,4,4,1,5,3,5,4,2,4,5,2,2,1,4,1,4,1,4,4,3,4,5,5,5,5,5,67,49,53,58,55,56
3,2,4,4,2,3,4,4,3,4,2,5,4,2,4,4,3,4,3,2,4,3,4,3,2,2,3,4,4,4,4,3,4,4,2,5,4,2,4,3,3,4,4,3,3,4,4,5,4,3,3,3,2,4,4,4,4,3,2,5,4,3,3,3,4,3,4,3,3,3,4,4,4,4,3,4,2,5,3,4,4,3,2,5,3,3,2,4,4,4,3,2,4,3,4,3,5,4,5,4,66,48,56,55,46,57
5,3,4,2,4,2,3,4,3,3,5,5,4,4,3,2,5,3,4,4,3,1,3,3,3,5,2,3,3,5,3,4,3,3,4,3,3,4,3,1,4,5,4,3,2,1,4,5,3,3,3,3,4,3,3,2,4,3,3,5,3,4,2,3,4,3,3,5,3,2,4,3,3,2,2,3,2,5,4,4,2,2,5,5,3,4,2,4,4,4,3,4,2,4,4,3,5,3,5,4,62,62,40,43,59,54
1,5,5,5,5,1,4,3,3,1,5,5,1,1,2,3,5,5,1,1,3,2,5,5,1,1,3,2,5,5,3,1,5,2,1,5,4,1,4,1,5,3,5,1,3,1,3,5,3,1,1,3,5,1,1,1,3,3,1,5,3,2,2,3,5,3,5,1,3,3,5,1,3,1,2,3,1,5,1,1,5,3,3,1,3,1,1,3,3,5,1,1,2,1,3,3,5,5,5,4,58,60,39,47,23,40
1,4,4,3,4,2,4,4,3,1,3,5,2,5,4,1,4,5,1,1,3,2,1,3,1,5,4,2,2,5,5,4,4,2,2,5,5,2,3,1,2,2,4,2,3,3,3,5,1,5,2,3,5,3,1,2,3,4,1,5,5,4,2,4,3,2,3,4,4,3,3,1,3,2,2,2,1,5,1,1,4,2,4,5,1,2,1,3,1,3,1,2,3,3,2,1,5,5,5,3,57,41,39,49,49,39
3,4,2,1,4,2,4,4,2,2,5,2,4,4,2,2,5,3,2,2,2,3,5,3,3,4,1,2,4,5,3,4,3,2,4,5,3,4,3,2,4,5,4,2,2,1,5,5,3,2,1,3,5,4,3,2,3,2,5,5,3,4,2,2,5,2,4,4,2,2,5,2,3,2,2,2,2,5,3,4,2,1,5,2,3,4,1,2,2,4,4,1,1,4,4,5,5,5,5,4,59,69,33,31,51,52
3,3,4,4,3,3,4,3,3,3,3,3,3,3,3,3,3,5,3,4,3,2,3,3,3,4,4,4,3,5,4,3,4,3,2,3,4,2,4,3,2,3,4,3,4,3,3,5,4,3,3,3,3,3,3,3,4,3,1,5,3,4,3,3,3,3,3,4,4,3,3,3,5,3,3,3,2,5,3,4,4,3,3,3,3,3,3,3,3,3,3,4,3,3,3,3,5,5,5,3,58,43,49,56,53,55
4,4,3,4,3,3,4,4,3,4,3,5,4,3,3,4,4,3,4,3,3,4,3,3,4,4,3,4,3,3,4,4,4,4,2,5,4,4,4,4,2,3,4,4,3,5,3,5,4,3,3,3,2,3,3,4,3,4,3,5,4,4,3,5,4,3,4,3,4,2,4,3,3,4,3,5,1,1,4,4,4,4,3,5,4,3,3,4,4,3,4,4,4,3,4,3,5,5,5,5,56,48,63,53,59,62
3,3,2,2,4,2,3,4,2,4,4,4,4,3,2,1,5,3,4,1,2,2,3,3,4,1,1,2,3,5,3,4,3,2,4,4,4,2,2,2,4,5,5,1,2,1,5,5,3,3,2,3,5,4,2,2,3,4,4,5,3,4,2,3,4,2,4,4,2,4,5,2,3,2,2,2,4,5,3,4,2,2,5,4,4,3,2,3,4,2,2,1,1,4,5,3,3,3,1,4,58,68,41,32,42,54
2,2,3,3,4,3,3,2,4,2,4,4,3,2,4,2,4,4,3,2,4,2,4,3,2,2,3,3,4,5,3,2,4,2,2,4,3,2,3,2,4,4,4,2,3,2,3,4,2,2,2,3,3,3,2,2,3,2,3,5,3,2,2,2,4,4,4,3,3,3,4,3,5,2,3,3,2,4,2,2,4,2,3,4,4,2,2,2,3,4,2,2,3,2,3,3,4,3,5,3,61,54,37,50,33,47
3,3,5,4,3,5,5,5,4,4,2,5,3,4,4,3,4,5,4,1,3,3,5,1,3,5,5,5,3,5,3,5,5,4,3,1,5,4,4,4,1,3,4,4,4,5,5,5,5,3,4,3,2,4,3,1,4,3,1,5,3,5,4,5,5,5,3,5,5,3,5,5,3,3,3,5,1,5,3,1,5,3,3,1,3,3,3,4,3,5,3,1,3,3,4,5,5,5,1,5,65,50,61,65,53,56
2,2,2,4,3,2,3,4,2,2,2,2,4,2,2,2,2,3,2,1,3,2,3,2,2,3,2,2,3,4,3,4,2,2,2,3,3,2,2,2,2,2,2,4,2,2,2,3,2,4,1,2,2,4,2,2,2,4,3,3,3,3,2,2,2,2,4,3,4,4,3,2,3,2,2,4,2,4,2,2,2,3,3,2,2,3,2,2,2,2,2,2,2,4,2,2,3,2,2,3,42,38,43,34,43,41
2,2,4,1,4,2,4,4,3,3,4,5,5,2,2,3,4,4,2,1,3,2,5,3,2,2,4,3,4,5,3,1,5,2,1,5,4,2,4,3,4,1,5,2,3,3,5,5,3,1,3,3,2,4,1,2,4,4,3,5,5,2,2,5,5,1,5,2,3,3,5,2,5,2,2,3,3,5,3,1,5,3,3,5,3,3,2,5,3,1,3,1,3,4,3,3,5,4,5,3,56,58,50,52,30,55
4,4,4,4,4,3,4,4,4,3,4,5,4,4,4,4,4,5,3,4,4,3,4,3,3,4,4,4,3,5,4,4,4,4,2,4,4,3,4,4,2,4,4,3,4,4,4,5,4,3,3,3,2,4,4,4,4,4,2,5,4,4,3,4,4,4,4,4,4,2,4,4,4,4,3,2,2,5,3,4,4,3,4,5,3,3,3,4,3,4,3,4,3,4,4,4,4,4,5,4,69,52,56,59,60,59
2,2,5,2,4,4,3,2,4,2,4,5,3,3,3,1,4,4,4,4,4,2,4,3,3,2,2,2,4,5,3,2,4,2,3,5,3,2,3,2,4,4,3,4,3,2,4,5,3,4,2,3,4,4,2,2,3,2,3,5,3,4,4,2,2,5,3,5,3,3,5,4,5,2,2,3,2,5,3,4,4,2,5,5,4,3,2,2,2,4,2,4,4,2,3,3,5,4,5,4,70,57,34,52,49,49
3,3,3,3,3,3,3,3,3,3,3,3,3,3,3,3,3,3,3,3,3,3,3,3,3,3,3,3,3,3,3,3,3,3,3,3,3,4,3,3,3,3,3,3,3,3,3,3,3,3,3,3,3,3,3,3,3,3,3,3,3,3,3,3,3,3,3,3,3,3,3,3,3,3,3,3,3,3,3,3,3,3,3,3,3,3,3,3,3,3,3,3,3,3,3,3,3,3,3,3,48,48,48,48,49,48
4,2,4,4,2,4,4,4,3,3,2,5,4,4,4,3,4,4,4,4,4,2,4,3,2,5,3,4,4,4,4,4,4,3,1,5,5,4,4,2,2,3,4,4,3,4,4,5,4,4,4,4,2,4,3,4,4,3,3,5,4,4,4,3,4,4,4,4,3,4,4,4,4,4,3,4,2,1,3,2,4,3,2,5,3,4,3,2,4,4,3,3,4,4,3,4,5,4,5,4,64,47,52,58,60,59
1,4,4,3,4,2,4,2,4,1,4,5,1,4,4,2,5,5,1,1,4,3,5,3,1,5,4,3,5,5,3,4,4,2,1,5,4,2,4,5,2,2,3,2,3,3,3,5,3,2,2,3,3,3,1,2,3,4,1,5,2,5,2,5,5,2,2,5,4,3,5,1,3,2,2,1,1,5,2,2,5,2,5,5,3,2,2,4,3,5,1,1,3,3,3,3,5,5,5,4,61,55,47,54,45,35
1,5,3,5,5,2,1,2,5,1,5,5,1,1,2,1,5,5,1,1,4,5,3,3,1,1,5,3,1,5,1,5,5,1,1,5,1,1,3,5,1,1,2,2,3,5,5,5,1,1,1,3,5,1,1,2,3,5,1,5,2,3,2,5,5,1,3,4,5,3,5,1,5,1,2,1,1,5,1,1,5,1,5,5,1,2,1,5,1,1,1,1,2,3,3,3,5,5,5,3,53,52,52,51,33,24
1,2,4,5,4,1,3,5,1,1,5,1,1,5,4,1,4,1,1,2,2,3,2,5,1,1,1,1,1,5,3,5,2,1,1,4,3,1,2,2,1,1,3,3,5,2,3,1,3,3,2,3,2,1,1,2,1,5,3,5,4,5,1,2,3,1,4,4,5,5,3,1,3,3,2,5,1,4,5,1,1,3,5,1,3,5,1,2,2,1,1,2,1,3,1,1,1,1,1,1,34,41,44,35,49,40
1,2,4,4,2,4,4,4,4,4,2,5,5,3,4,3,4,5,4,2,3,3,5,2,1,2,3,4,4,5,3,4,5,4,1,5,5,3,4,3,2,4,5,4,3,4,5,5,5,4,3,4,2,4,4,4,3,4,3,5,5,4,4,3,4,4,4,4,4,3,5,4,5,4,4,4,1,5,3,5,4,3,2,5,2,4,2,4,4,4,3,2,4,4,4,4,5,5,5,3,70,50,58,58,55,59
2,2,3,2,4,4,3,2,4,2,4,5,4,4,4,1,4,3,4,4,4,2,3,3,3,2,2,2,4,5,3,2,3,2,3,4,2,2,3,2,3,4,3,3,3,1,3,5,2,3,2,3,4,4,2,2,3,2,3,5,3,4,4,2,2,4,3,4,3,4,4,4,4,2,2,2,2,5,3,3,4,2,4,5,4,3,2,2,2,4,2,4,4,3,2,5,5,3,4,4,69,51,34,50,46,47
1,4,4,4,2,3,5,5,4,4,2,5,5,4,4,2,3,4,4,4,3,3,4,1,1,4,3,4,4,5,4,5,4,2,2,5,5,5,4,2,2,3,5,4,3,3,4,5,5,4,3,4,2,3,4,4,3,3,2,5,5,5,4,2,2,3,4,5,3,4,3,4,5,4,3,5,1,5,2,5,4,4,2,5,3,4,2,2,4,4,2,4,4,4,3,4,5,5,5,4,64,42,52,55,70,60
5,4,3,5,2,2,4,5,4,5,1,5,4,3,4,5,2,3,1,4,5,5,3,2,5,5,2,4,1,4,3,5,3,5,1,5,5,4,3,5,1,3,5,5,3,5,4,3,3,4,3,5,1,4,5,5,3,5,3,5,4,4,2,5,4,2,4,4,4,1,4,3,3,1,4,5,1,5,4,5,2,5,1,5,4,3,1,5,4,3,4,4,5,2,5,3,5,5,5,5,57,38,72,51,65,63
2,4,2,3,4,2,3,4,2,4,3,4,3,4,2,2,3,3,2,2,2,3,3,3,2,1,2,2,3,4,3,4,2,2,2,4,3,2,2,2,2,2,3,4,2,2,2,4,3,2,2,3,2,4,2,2,2,4,1,5,3,4,2,2,3,2,4,4,4,4,3,2,3,2,2,3,2,4,3,4,2,3,4,4,3,4,2,2,2,4,2,2,2,4,2,2,2,2,2,3,53,41,45,34,49,44
4,4,4,4,4,3,4,4,3,2,4,5,2,5,4,3,3,5,2,1,3,3,3,3,2,5,4,4,4,5,4,4,4,2,2,1,3,1,3,2,1,4,3,1,4,4,3,5,4,5,2,3,2,4,2,1,3,3,1,5,2,5,4,2,2,4,2,5,4,3,3,4,3,1,4,5,1,5,2,1,4,3,2,1,2,4,2,2,2,4,2,1,2,4,2,4,5,4,1,4,62,39,49,54,48,43
1,1,1,5,5,1,3,1,1,1,1,5,1,1,1,1,1,5,1,1,3,2,3,5,1,1,1,1,1,1,3,1,1,2,1,1,1,1,1,1,1,1,2,4,2,1,2,5,1,1,1,1,5,1,1,1,1,5,1,1,1,2,1,2,1,1,5,3,5,5,3,1,3,1,2,1,1,5,1,1,1,1,5,1,3,1,1,1,1,1,1,1,1,1,1,1,1,1,1,1,36,33,31,24,22,29
1,5,4,5,4,1,5,4,5,1,5,5,1,5,2,1,5,5,1,1,4,2,5,5,1,5,4,3,3,5,1,5,5,2,1,5,1,1,4,5,2,1,5,2,3,3,3,5,1,2,1,3,5,1,1,2,3,4,1,5,1,5,2,5,5,5,2,5,3,3,5,1,3,2,2,1,1,5,1,1,5,2,4,5,1,3,1,5,3,1,1,1,3,3,3,3,5,5,5,5,58,55,48,51,49,27
4,4,4,4,3,3,4,4,3,2,3,5,2,4,3,3,3,4,2,3,4,3,3,3,2,4,4,4,3,5,4,4,4,3,2,3,3,2,4,2,2,4,3,3,3,4,3,5,4,2,3,3,3,3,3,2,3,3,1,5,3,4,3,3,3,4,2,4,4,3,3,3,3,4,3,3,2,5,3,4,4,3,3,1,2,3,3,3,2,4,3,3,2,4,3,3,5,3,1,3,60,42,50,54,54,47
1,2,2,5,5,1,5,4,1,1,3,1,1,1,3,1,1,5,1,2,3,1,1,5,1,1,1,1,5,5,1,4,2,2,1,1,5,1,2,2,1,1,2,4,2,2,3,3,3,3,1,3,5,1,1,2,2,4,5,4,3,1,1,2,1,1,4,4,5,5,3,1,1,3,1,1,1,5,1,1,1,1,3,1,2,3,1,1,1,1,1,1,2,4,3,1,1,1,1,1,37,42,36,30,37,33
1,1,3,1,4,5,3,1,1,1,1,1,1,5,1,1,1,5,1,1,2,1,1,5,1,1,2,1,5,5,1,5,1,1,1,1,3,2,1,1,1,5,3,3,3,1,3,5,3,1,1,1,5,5,3,1,1,1,3,5,3,5,1,1,1,1,4,5,5,5,3,1,3,2,1,1,1,5,3,1,1,3,3,1,3,3,1,1,1,1,2,2,2,4,1,1,1,1,1,1,52,35,25,27,39,38
1,1,3,1,5,1,3,2,4,1,1,5,1,1,2,2,5,5,2,1,3,1,5,3,1,1,3,1,5,3,1,1,5,1,1,3,1,1,4,5,5,5,5,1,3,1,3,5,3,1,1,3,5,3,1,1,4,4,3,5,3,1,1,5,5,1,3,4,4,1,5,1,3,1,2,1,1,5,1,1,3,3,3,1,3,1,1,3,3,5,1,1,3,2,3,3,5,4,5,4,54,58,35,46,20,33
1,5,4,3,5,1,1,1,5,1,5,5,1,1,1,1,4,5,1,1,3,2,3,5,1,1,5,2,3,5,1,2,5,1,1,5,1,1,1,5,1,1,1,1,5,3,1,5,1,5,1,3,5,1,1,1,5,5,1,5,1,4,1,1,1,1,5,5,5,5,1,1,1,2,1,3,1,1,1,1,5,1,1,5,1,2,1,1,1,5,1,1,1,5,1,1,3,3,5,1,52,35,42,49,34,20
3,3,4,5,3,3,5,3,3,3,3,5,3,3,3,3,3,5,3,5,3,2,3,3,3,5,4,3,3,5,4,3,5,3,1,5,5,3,5,3,1,3,5,3,4,4,3,5,5,3,3,3,3,3,3,3,5,3,1,5,3,5,3,3,3,3,3,5,5,3,3,3,5,3,3,3,1,5,3,3,5,5,3,5,3,3,3,3,3,3,3,4,3,3,1,3,5,5,5,3,64,38,52,61,57,59
3,3,4,4,3,3,4,3,3,3,2,5,3,2,3,3,3,5,3,5,3,2,3,3,3,4,5,4,3,5,4,3,5,3,1,3,5,3,4,3,1,3,4,3,5,4,3,5,3,3,3,3,3,3,3,3,5,3,1,5,3,4,3,3,3,3,3,5,5,3,3,3,5,3,3,3,1,5,3,3,5,3,3,5,3,3,3,3,3,3,3,4,3,3,3,3,5,5,5,3,62,39,50,62,54,55
3,3,3,3,3,3,3,3,3,3,3,3,3,3,3,3,3,3,3,3,3,3,3,3,3,3,3,3,3,3,3,3,3,3,3,3,3,3,3,3,3,3,3,3,3,3,3,3,3,3,3,3,3,3,3,3,3,3,3,3,3,3,3,3,3,3,3,3,3,3,3,3,3,3,3,3,3,3,3,3,3,3,3,3,3,3,3,3,3,3,3,3,3,3,3,3,3,3,3,3,48,48,48,48,48,48
3,3,3,3,3,3,4,3,3,3,3,3,4,3,3,3,3,5,3,4,3,3,3,3,3,5,3,3,3,3,3,3,4,3,3,3,3,3,4,3,3,3,3,3,3,3,3,3,3,3,3,3,3,3,3,3,3,3,3,5,3,4,3,3,3,3,3,4,3,3,5,3,5,3,3,3,3,3,3,3,3,3,3,3,3,3,2,3,3,3,3,4,3,3,3,3,5,3,3,3,52,50,48,49,54,52
5,4,5,5,2,2,4,5,4,1,2,5,4,2,4,1,2,3,1,4,3,5,3,2,4,5,3,5,4,2,3,5,4,5,1,5,5,2,3,5,1,3,5,5,3,5,3,5,3,4,3,5,1,2,5,1,3,5,3,5,4,4,2,5,5,3,4,4,3,1,4,4,3,1,4,5,1,5,4,1,2,5,1,5,4,2,2,5,4,4,4,4,4,3,4,4,5,5,5,3,59,41,66,52,53,62
3,3,5,4,3,3,4,3,3,3,3,3,3,3,3,3,3,5,3,4,3,2,3,3,3,5,4,4,3,5,4,3,5,3,1,3,5,2,5,3,1,3,4,3,5,5,3,5,4,3,3,3,3,3,3,3,5,3,1,5,3,3,4,3,3,3,3,5,5,3,3,3,5,3,3,3,1,5,3,3,4,3,3,3,3,3,3,3,3,3,3,2,3,3,3,3,5,5,5,3,58,40,51,63,51,56
1,1,4,1,5,4,2,1,4,1,5,5,2,4,4,1,4,5,2,3,4,1,5,3,1,2,2,1,5,5,2,1,3,1,3,5,1,2,3,1,5,5,2,3,3,1,4,5,1,4,2,3,5,4,1,2,3,1,3,5,3,4,4,1,1,5,4,5,3,5,5,4,5,2,2,2,1,5,1,1,5,1,5,5,3,2,1,1,1,5,2,1,4,1,1,5,4,3,5,4,75,58,23,51,38,33
5,4,4,5,2,1,4,5,4,5,2,5,4,1,4,5,4,3,4,4,4,5,3,2,5,5,3,5,1,2,3,5,3,5,1,5,4,4,3,5,1,3,5,4,2,5,4,3,3,4,3,5,1,4,5,5,3,5,3,5,4,5,2,5,5,2,4,3,3,1,5,4,1,4,4,5,1,5,5,5,2,5,3,5,4,2,2,5,4,3,4,4,4,5,4,4,5,5,5,5,56,44,76,50,64,64
3,3,4,4,3,3,4,3,3,3,3,3,3,3,3,3,3,5,3,2,3,2,3,3,3,4,4,4,3,5,4,2,5,3,1,3,5,3,4,3,1,3,4,2,5,4,3,5,4,3,3,3,3,3,3,1,5,3,1,5,3,4,3,2,3,3,3,5,5,3,3,3,5,3,3,3,1,5,3,5,5,3,3,5,3,2,3,3,2,3,3,4,2,3,2,3,5,4,5,3,60,38,49,60,49,56
1,1,3,1,5,2,3,2,3,3,4,1,1,1,3,1,4,4,2,1,3,2,3,4,1,1,3,3,5,4,1,1,5,2,1,1,3,2,4,3,4,5,5,2,3,2,4,5,1,1,3,3,5,3,1,1,4,4,3,5,4,2,2,2,5,2,5,2,3,3,5,1,5,1,2,2,1,5,1,1,4,2,3,5,4,3,2,3,3,2,1,1,3,1,3,3,5,3,5,4,52,58,37,50,23,39
1,3,2,5,4,1,3,5,1,1,2,1,1,5,2,1,1,5,1,1,2,2,1,5,1,1,1,1,1,1,3,5,2,1,1,1,3,1,2,2,1,1,3,1,2,2,1,4,3,1,1,1,4,1,1,1,2,5,1,1,4,5,2,2,1,1,4,4,5,5,1,1,1,1,1,5,1,1,1,1,1,3,3,1,2,4,1,5,1,1,1,1,1,1,1,1,1,1,1,3,27,25,42,28,40,33
1,1,5,3,4,1,4,4,3,4,4,5,5,2,4,4,4,5,5,1,4,3,5,4,1,1,5,4,4,1,3,2,5,4,1,5,5,2,4,5,2,1,5,4,3,4,5,3,5,2,3,3,5,2,1,3,3,4,3,5,5,2,2,5,5,1,5,1,3,4,5,1,5,2,2,4,1,1,5,1,3,2,5,5,4,2,1,5,3,1,1,1,2,4,3,1,5,5,5,3,42,59,62,52,31,60
3,4,4,4,3,3,4,4,3,3,4,5,2,4,3,3,3,4,3,4,3,4,3,3,3,4,3,4,3,4,4,4,4,3,3,5,3,2,3,3,2,3,3,3,3,4,3,5,4,2,3,3,3,3,3,2,3,4,1,5,3,4,3,3,3,5,3,4,4,3,3,4,3,2,3,5,2,5,4,2,4,3,3,5,2,3,2,3,2,3,3,4,3,3,3,5,5,3,5,3,67,44,55,51,52,50
1,2,4,4,2,3,5,5,4,4,2,5,5,4,4,4,4,4,1,4,4,3,5,2,1,4,3,4,4,5,5,4,5,3,2,5,5,4,4,3,3,4,5,4,3,4,5,5,5,4,4,4,2,4,4,4,4,4,3,5,5,4,4,5,4,4,4,4,3,4,5,4,5,4,4,4,2,5,4,1,4,3,4,5,2,4,2,2,4,4,4,4,4,4,4,4,5,5,5,5,68,55,59,60,60,61
1,4,3,3,4,2,3,2,3,2,2,3,2,2,2,3,3,3,2,2,3,3,3,3,1,2,5,3,3,5,2,4,5,2,2,3,2,2,3,2,2,3,3,2,3,3,3,5,2,2,3,3,4,3,1,2,3,3,1,5,2,4,2,2,3,3,3,3,3,3,3,5,1,2,3,3,1,5,2,3,4,3,3,3,2,2,2,2,2,3,1,1,3,3,3,3,4,3,3,4,57,42,43,50,39,30
3,3,5,4,3,3,4,2,3,3,2,3,3,2,3,3,3,5,3,4,2,2,3,3,3,3,4,4,3,5,4,2,5,2,1,3,5,2,4,3,1,3,4,3,5,4,3,5,4,3,3,3,3,3,3,3,5,3,1,5,3,4,4,3,3,3,3,4,5,3,3,3,5,4,3,3,1,5,3,4,4,3,3,3,3,3,3,3,2,3,3,2,3,3,3,5,5,5,5,3,60,38,49,61,48,56
1,1,1,1,5,5,3,1,2,1,5,5,2,1,3,1,4,3,1,2,5,1,3,3,1,1,1,1,5,5,3,1,3,1,4,5,1,3,1,1,5,5,1,3,3,1,1,5,1,5,1,1,5,5,1,1,3,1,3,5,3,5,5,1,1,5,1,5,3,5,1,5,1,2,2,3,1,5,1,1,5,1,3,5,3,3,1,1,1,5,1,5,5,3,1,5,3,1,5,1,76,48,24,44,40,25
3,4,4,4,3,3,4,4,4,4,2,5,3,5,4,4,3,5,4,1,3,4,3,2,3,5,2,4,4,5,4,5,4,2,2,5,4,1,4,2,2,5,3,1,4,4,3,5,4,2,3,3,2,4,2,1,3,3,3,5,3,5,4,2,2,5,3,5,4,3,3,4,3,4,4,5,1,5,3,1,4,3,3,5,3,4,2,2,2,5,4,1,4,4,3,3,5,4,1,3,71,41,53,57,49,53
1,5,5,5,5,1,4,2,4,1,5,5,1,2,3,2,5,5,1,2,3,2,5,3,1,1,3,3,1,1,3,1,5,2,1,5,5,2,3,5,1,1,5,1,3,3,3,5,3,1,1,3,5,1,1,1,3,4,1,5,5,2,2,5,5,1,5,1,5,3,5,1,5,1,1,1,1,5,1,1,5,1,5,5,3,3,1,3,2,1,1,1,2,2,3,3,5,5,5,3,48,53,45,49,27,45
3,4,5,4,3,4,5,4,3,4,3,5,3,4,4,3,5,5,4,4,4,3,5,3,3,5,4,4,3,5,4,4,5,4,2,1,5,4,4,4,2,3,4,4,4,4,5,5,4,4,4,3,2,4,3,4,4,4,2,5,4,4,4,5,5,4,3,5,4,2,4,4,5,4,2,1,1,5,3,1,4,3,3,5,3,3,3,5,3,4,3,4,3,4,4,5,5,5,1,5,67,52,57,61,62,59
4,4,4,4,3,2,4,4,3,3,2,3,4,3,2,4,4,3,4,3,3,4,3,2,3,4,3,4,2,4,4,4,4,4,2,5,4,2,3,4,2,3,4,3,3,4,3,3,3,4,3,3,2,3,3,4,2,4,3,5,4,4,2,4,4,2,4,4,3,2,4,3,3,4,3,5,2,5,3,1,3,4,2,5,3,3,2,4,3,3,3,2,4,3,3,3,4,4,5,4,54,44,60,47,53,57
3,3,5,4,2,5,5,5,4,4,3,5,4,4,4,4,5,5,4,4,3,4,5,3,3,5,5,5,3,5,3,4,5,4,1,1,5,4,4,4,2,4,4,4,4,5,5,5,5,5,4,3,2,3,3,5,3,4,1,5,3,5,4,5,5,3,3,5,4,3,5,5,5,4,3,3,1,5,3,1,5,3,3,1,3,2,4,5,4,5,4,4,4,3,4,3,5,5,5,5,63,51,63,65,64,60
4,4,4,4,3,3,4,4,3,3,4,5,3,4,3,4,3,4,2,3,3,3,3,3,3,4,4,4,3,5,4,4,4,3,2,5,4,2,4,3,2,3,3,3,3,3,3,5,4,2,3,3,2,3,3,4,3,3,3,5,3,4,4,3,3,4,3,4,4,3,3,3,3,4,3,3,2,5,3,4,4,3,3,5,3,3,2,3,3,4,4,3,3,3,3,3,5,4,5,3,65,45,51,54,56,53
1,1,5,5,5,1,1,4,1,2,3,1,1,1,1,2,1,5,1,1,1,1,1,5,1,1,1,5,1,1,1,5,2,2,1,1,5,1,2,1,1,1,1,1,5,1,1,5,3,1,1,1,5,1,1,1,1,5,1,5,3,2,1,5,1,1,5,2,5,1,1,1,1,2,1,1,1,5,1,1,5,3,3,1,3,3,1,1,1,1,2,1,1,1,1,1,1,1,1,1,36,28,37,34,28,31
3,3,5,4,2,3,4,3,3,3,3,5,3,2,3,3,3,5,3,5,3,2,3,3,3,5,5,4,3,5,4,1,5,3,1,3,5,2,5,3,1,3,3,3,3,4,3,5,3,3,3,3,3,3,3,4,5,3,1,5,3,4,3,2,3,3,3,5,5,3,3,3,5,3,3,3,1,5,3,5,5,3,3,5,3,3,3,3,1,3,3,4,3,3,1,3,5,5,5,3,62,35,49,62,55,54
3,3,5,5,3,3,4,3,3,3,3,3,3,3,3,3,3,5,3,1,3,3,3,3,3,5,4,4,3,5,4,3,5,3,1,3,5,2,5,3,1,3,4,3,4,4,3,5,3,3,3,3,3,3,3,3,5,3,1,5,3,4,3,2,3,3,3,5,5,3,3,3,5,3,3,3,1,5,3,3,4,3,3,3,3,3,3,3,3,3,3,4,3,3,2,3,5,5,5,3,58,39,51,61,51,55
4,4,4,4,2,2,4,4,4,4,2,5,4,4,2,4,4,3,4,4,3,4,4,3,3,5,3,4,3,4,4,4,4,4,2,5,4,4,4,4,2,3,4,4,3,4,4,5,4,4,3,3,2,2,4,4,3,4,3,5,4,4,2,4,4,3,4,4,3,2,4,3,3,4,3,5,2,5,4,5,3,3,3,5,3,3,2,4,4,4,4,3,3,3,4,3,5,5,5,4,60,49,60,49,64,61
2,2,2,3,2,2,3,4,4,4,1,2,2,4,4,2,2,2,2,4,2,3,2,3,2,1,2,2,5,4,3,4,2,2,2,2,3,2,2,2,1,2,2,4,2,2,2,4,3,4,2,3,2,2,2,4,2,4,1,4,3,4,2,2,2,2,3,4,4,5,3,2,3,4,2,4,2,4,2,1,2,4,2,2,2,2,2,2,2,2,1,2,4,4,2,2,2,2,4,4,41,33,48,40,50,38
1,3,4,4,2,3,4,4,4,4,2,5,4,4,4,3,4,4,4,4,4,3,5,1,2,2,3,4,4,5,4,4,5,3,2,5,5,4,4,3,2,4,5,4,3,4,5,5,5,4,3,4,2,4,2,4,4,3,3,5,4,4,4,3,4,4,4,4,3,3,4,4,4,4,3,4,2,5,3,5,4,3,2,5,3,3,2,3,4,4,3,3,3,4,4,4,5,5,5,5,67,51,55,57,60,57
1,5,5,5,5,1,1,2,3,1,5,1,1,1,1,1,5,5,1,1,3,2,3,5,1,5,5,3,1,5,1,1,5,1,1,5,2,1,1,5,1,1,1,1,5,5,1,5,1,1,1,5,5,1,1,1,1,5,1,5,2,3,1,5,5,1,5,5,5,3,5,1,5,1,1,5,1,5,1,1,5,1,5,5,1,1,1,5,1,5,1,1,1,1,1,1,3,5,5,5,52,46,53,44,31,26
3,3,3,3,3,3,3,3,3,3,3,3,3,3,3,3,3,4,3,3,3,3,3,3,3,3,3,3,3,3,3,3,3,3,3,3,3,3,3,3,3,3,3,3,3,3,3,5,3,3,3,3,3,3,3,3,3,3,3,5,3,3,3,3,3,3,3,3,3,3,3,3,3,3,3,3,3,3,3,3,3,3,3,4,3,3,3,3,3,3,3,3,3,3,3,3,3,3,3,3,54,48,48,48,48,48
2,3,3,2,4,3,3,2,4,2,4,5,3,4,4,1,4,4,4,4,4,2,3,3,3,4,4,2,4,5,3,2,4,2,1,5,3,4,3,2,2,4,3,4,3,1,4,5,3,4,2,3,4,4,3,2,3,2,3,5,3,4,4,2,2,4,3,4,3,3,4,4,4,2,2,3,2,5,3,4,4,2,4,5,3,3,2,2,1,4,2,4,2,2,2,5,5,4,5,4,70,48,33,51,54,48
4,4,3,2,4,2,4,4,2,2,4,3,4,4,2,2,4,3,4,2,4,2,4,3,4,3,2,3,4,4,3,4,3,2,4,4,4,2,3,2,4,4,4,2,3,1,4,5,3,2,2,3,4,2,3,2,3,3,4,5,4,4,2,2,4,4,4,4,3,2,4,3,4,2,2,2,3,5,4,3,4,2,4,5,3,4,2,2,2,4,3,2,2,2,4,4,4,4,5,4,60,61,34,42,48,59
1,5,4,4,5,1,2,2,4,1,5,5,1,2,2,1,5,5,1,1,3,3,5,3,1,5,5,4,1,5,3,3,5,4,1,1,1,1,3,5,1,1,2,1,4,4,3,5,1,1,1,3,5,2,1,1,5,4,1,5,2,4,1,5,5,1,2,5,4,3,5,2,5,1,1,3,1,5,1,1,5,1,5,5,1,2,1,5,1,2,1,1,1,4,3,1,4,5,5,4,49,52,54,49,36,26
1,1,1,5,5,1,1,5,1,1,5,1,1,3,1,1,1,5,1,1,1,1,1,5,1,1,1,1,5,5,3,5,1,1,1,1,1,1,1,1,1,1,1,2,1,1,1,5,1,1,1,1,5,5,1,1,1,5,1,5,3,5,1,1,1,1,5,4,5,1,1,1,5,1,1,1,1,5,1,1,1,1,3,1,3,5,1,1,1,1,1,1,1,1,1,1,1,1,1,1,44,34,24,20,38,30
3,3,3,3,3,3,4,3,3,3,3,3,3,4,3,3,3,3,3,3,3,3,3,3,3,4,3,3,3,3,3,4,3,3,3,3,3,2,3,3,3,3,3,3,3,3,3,3,3,3,3,3,3,3,3,3,3,3,3,5,3,4,3,3,3,3,3,3,3,3,3,3,3,3,3,3,3,5,3,3,3,3,3,3,3,3,2,3,3,3,2,1,3,3,3,3,5,3,5,3,52,48,48,47,49,48
3,4,5,4,3,2,5,4,4,3,2,5,3,4,4,4,5,5,4,4,3,3,5,5,3,4,5,4,3,5,4,4,5,4,1,5,5,4,4,5,2,3,4,4,4,5,5,5,5,3,4,3,2,2,4,4,5,4,1,5,4,4,3,5,5,4,3,5,5,2,5,4,5,4,3,3,1,5,3,5,5,3,2,5,3,3,4,5,3,3,3,4,4,4,3,5,5,5,5,1,68,48,61,67,64,61
3,3,3,4,3,3,4,3,3,3,3,5,3,3,3,3,3,5,3,3,3,3,3,3,3,5,3,4,3,5,4,3,4,3,2,5,5,3,4,3,2,3,3,3,3,4,3,5,4,3,3,3,3,3,3,3,3,3,1,5,3,4,3,3,3,3,3,4,3,3,3,3,5,3,3,3,1,5,3,3,4,3,3,5,3,3,3,3,3,3,3,4,3,3,3,3,5,4,5,3,64,42,51,51,53,55
2,4,4,3,4,3,3,2,4,4,4,5,2,4,4,3,4,4,2,2,4,3,5,3,2,5,4,3,3,5,3,4,4,2,2,5,2,2,3,3,2,3,2,2,3,4,3,5,2,4,2,3,4,4,1,4,3,4,1,5,2,4,2,3,4,4,2,4,4,3,5,3,1,2,2,4,1,5,3,4,4,2,4,5,3,3,2,3,4,3,2,4,3,4,3,5,5,5,5,3,67,53,51,52,54,34
2,2,4,3,3,3,3,2,4,3,4,4,4,2,3,2,4,4,4,2,4,2,3,3,2,2,3,3,4,4,3,2,4,2,2,4,4,2,3,3,3,2,4,2,3,3,4,4,3,2,2,3,2,3,2,2,3,2,3,5,4,2,2,2,4,2,4,3,3,3,4,3,4,2,3,3,2,4,2,3,3,2,3,5,3,2,2,2,3,2,2,2,3,4,3,4,4,4,5,4,56,51,42,49,34,50
1,2,3,2,5,3,3,1,4,1,4,5,2,4,3,1,5,3,2,4,3,1,3,3,3,3,3,2,4,5,3,1,5,2,3,5,1,1,3,2,4,4,2,4,3,1,3,5,3,3,3,3,5,3,1,2,3,2,3,5,3,3,4,2,2,5,2,5,3,5,3,4,5,2,2,3,1,5,1,4,5,1,5,5,4,3,4,2,1,4,3,4,4,2,3,5,5,3,3,4,69,54,32,55,46,39
3,4,5,4,3,5,5,4,3,4,3,5,4,5,4,4,4,5,4,4,3,3,5,3,3,5,5,4,3,5,3,3,5,4,1,5,5,4,4,5,2,5,4,4,3,5,5,5,5,3,4,5,1,3,3,4,4,4,3,5,3,4,4,5,5,4,3,5,4,2,4,3,5,4,3,3,1,5,3,1,4,3,3,5,3,3,4,5,4,5,4,4,4,4,3,5,5,5,5,1,73,50,64,63,61,60
1,1,5,5,4,1,1,4,1,1,1,1,1,1,1,1,1,1,1,1,1,1,1,5,1,1,1,1,5,5,3,5,1,2,1,1,3,1,1,1,1,1,1,1,3,1,1,5,1,1,1,1,5,1,1,1,1,5,1,5,3,3,1,1,1,1,5,5,5,1,3,1,3,1,1,1,1,5,1,1,1,3,1,1,2,1,1,1,1,1,1,1,1,1,1,1,1,1,1,1,36,29,27,26,29,29
5,3,5,5,2,2,4,5,4,1,1,5,4,2,3,4,2,3,5,2,3,5,3,1,3,2,3,5,1,2,4,5,4,5,1,5,5,2,4,5,1,3,5,4,3,5,4,5,3,4,3,5,1,2,5,5,3,5,3,5,4,3,4,5,5,1,4,4,4,1,4,3,3,4,3,5,1,5,4,1,4,5,3,5,3,2,2,5,4,3,4,2,4,3,4,3,5,5,5,5,53,40,69,56,50,65
5,3,5,5,3,2,4,5,3,1,1,5,4,3,3,5,4,3,5,4,3,5,3,2,3,5,4,5,4,3,3,4,5,5,1,5,5,4,4,5,1,3,4,5,3,5,3,5,4,3,3,3,1,2,3,5,3,5,3,5,4,4,4,5,5,3,4,4,3,1,4,3,3,4,3,5,1,5,3,5,3,5,3,5,4,3,4,5,4,3,4,4,3,4,5,3,5,5,5,5,57,46,69,56,65,62
4,4,2,2,4,2,3,4,2,2,5,5,3,4,2,2,5,3,4,1,2,2,5,3,3,5,1,2,5,5,3,4,3,2,4,5,3,4,3,2,5,5,3,2,2,1,5,5,3,2,2,3,4,3,3,2,3,1,4,5,3,5,2,2,4,2,4,4,3,2,5,2,3,2,2,2,3,5,3,4,2,1,5,5,3,5,2,2,3,2,3,1,1,4,5,3,4,5,5,4,60,71,32,34,53,51
1,1,3,2,5,4,1,1,4,1,5,5,1,5,4,1,5,5,1,4,4,1,5,3,1,1,2,2,5,5,2,1,5,1,1,5,1,3,3,1,5,5,2,3,3,1,4,5,1,5,2,3,5,4,1,2,3,1,3,5,3,5,4,1,1,5,1,5,3,1,5,5,5,2,1,2,1,5,1,1,5,1,5,5,4,2,1,1,1,5,1,5,2,1,1,3,5,1,5,4,74,57,21,49,46,27
5,4,5,4,2,4,5,4,4,4,2,5,4,4,4,2,4,5,5,4,3,3,5,2,2,5,4,4,4,5,4,4,5,3,3,5,5,4,4,3,2,2,5,4,3,4,5,5,5,4,3,3,1,4,4,4,3,4,3,5,4,5,4,5,4,4,4,4,4,4,4,4,5,4,4,4,1,5,4,5,4,3,2,5,2,4,2,3,4,4,3,4,4,4,5,4,5,5,5,4,68,51,57,60,67,66
3,3,5,4,3,3,4,3,3,3,3,5,3,3,3,3,3,5,3,5,3,2,3,3,3,5,4,4,3,5,4,3,5,3,1,3,5,2,4,3,1,3,4,3,5,4,3,5,5,3,3,3,3,3,3,3,4,3,1,5,3,4,3,3,3,3,3,5,3,3,3,3,5,3,3,3,1,5,3,5,4,3,3,5,3,3,3,3,2,3,3,4,3,3,2,3,5,5,5,3,62,38,50,58,57,57
1,5,5,5,5,1,5,2,3,1,5,5,1,5,3,1,5,4,1,1,2,4,5,3,1,5,5,4,3,1,5,5,5,4,1,5,3,1,3,5,1,1,2,2,3,5,5,5,1,1,1,3,5,1,1,2,3,4,1,5,2,3,1,5,5,1,2,1,4,3,5,1,5,1,1,3,1,5,1,1,5,2,5,3,1,2,1,5,1,1,1,1,2,3,1,1,5,5,5,3,43,54,57,47,38,33
1,3,5,2,5,3,3,2,3,1,5,5,2,5,3,1,5,4,2,4,3,2,5,3,3,4,4,2,4,5,3,2,5,1,2,5,2,4,4,2,3,3,3,4,3,2,4,5,3,2,2,3,5,4,1,2,3,1,3,5,3,4,4,2,4,5,2,5,3,5,3,4,5,2,3,3,1,5,2,4,5,1,5,1,3,3,2,2,1,5,3,4,4,1,2,4,5,3,5,4,66,57,31,56,54,41
3,4,4,4,3,4,5,4,3,4,2,5,3,4,4,4,3,5,4,4,3,4,5,4,3,4,4,4,3,5,3,4,4,4,2,5,5,4,4,3,2,3,4,4,3,4,5,5,4,4,3,3,3,3,4,4,4,3,3,5,4,4,4,5,4,4,3,4,4,3,4,4,4,4,4,3,1,5,3,5,4,3,2,5,3,3,4,5,2,4,4,4,4,3,3,4,5,5,5,3,70,47,59,60,64,59
3,4,5,4,2,5,5,4,4,4,2,5,3,4,4,3,3,5,4,5,3,3,5,5,3,5,5,4,1,5,3,4,5,3,1,1,5,4,4,3,2,3,4,4,4,5,5,5,5,4,4,3,2,4,3,5,5,3,1,5,3,5,4,5,5,5,3,5,5,3,5,5,5,4,3,5,1,5,3,5,5,3,3,5,3,3,4,4,2,5,3,4,3,4,3,5,5,5,5,1,73,43,59,67,69,58
3,4,3,4,2,3,5,5,3,3,1,5,2,5,3,3,2,5,4,1,5,4,3,1,3,5,4,4,3,5,3,5,4,3,1,5,5,5,3,2,1,3,3,5,3,4,3,5,3,5,3,3,1,5,3,5,3,3,1,5,3,5,4,3,3,3,2,5,4,5,3,3,3,5,4,5,1,5,4,1,4,5,2,5,3,4,2,3,2,3,4,5,5,3,3,5,5,5,5,3,66,32,57,57,70,53
5,4,5,4,2,2,4,5,4,5,1,5,1,4,4,4,2,3,4,4,3,5,3,2,3,5,2,5,2,3,4,5,3,5,1,5,5,2,3,5,2,3,5,4,3,5,4,5,4,4,3,5,1,3,5,5,2,5,3,5,4,5,2,5,4,2,4,4,5,1,5,4,3,1,4,5,1,5,4,1,2,5,1,5,3,3,2,5,4,4,5,4,4,4,5,4,5,5,5,5,60,41,73,51,60,63
4,4,5,4,2,4,5,4,4,4,2,5,4,4,4,4,4,5,4,4,3,3,5,4,3,5,4,4,3,5,3,4,5,2,2,5,5,4,4,3,2,4,4,4,4,4,5,5,4,3,4,4,2,4,3,4,4,3,2,5,3,4,4,5,5,4,3,4,4,2,5,4,5,4,4,5,1,5,3,1,4,3,2,5,4,2,4,5,4,5,4,4,4,4,4,5,5,5,5,5,74,50,59,65,59,61
3,3,5,4,3,3,4,3,3,3,3,3,3,3,3,3,3,5,3,4,3,3,5,3,3,5,5,4,3,5,5,3,5,3,1,3,5,2,5,3,1,3,4,3,4,5,3,5,4,3,3,3,3,3,3,3,5,3,1,5,3,3,4,3,3,3,3,4,5,3,3,3,5,3,3,3,1,5,3,3,4,5,3,5,3,3,3,3,2,3,4,3,3,3,3,5,5,5,5,3,62,41,54,63,51,58
3,4,4,4,2,2,4,4,4,4,3,5,4,2,4,4,4,3,4,3,3,4,3,2,4,4,4,4,2,3,4,4,5,4,2,5,5,4,4,4,2,3,4,4,4,5,4,5,4,4,3,3,2,2,3,4,3,4,3,5,4,4,3,4,4,3,4,3,4,2,4,4,3,4,3,5,2,5,3,1,4,3,3,5,3,3,4,4,4,3,4,2,3,3,4,3,5,5,5,5,58,48,61,59,54,60
3,3,3,3,3,3,3,3,3,3,3,5,3,3,3,3,3,3,3,3,3,3,3,3,3,3,3,3,3,3,3,3,3,3,3,5,3,3,3,3,3,3,3,3,3,3,3,3,3,3,3,3,3,3,3,3,3,3,3,5,3,3,3,3,3,3,3,3,3,3,3,3,3,3,3,3,3,3,3,3,3,3,3,5,3,3,3,3,3,3,3,3,3,3,3,3,3,3,5,3,56,48,48,48,48,48
3,3,3,3,3,3,3,3,3,3,3,3,3,3,3,3,3,4,3,3,3,3,3,3,3,4,3,3,3,3,3,3,3,3,3,3,3,4,3,3,3,3,3,3,3,3,3,5,3,3,3,3,3,3,3,3,3,3,3,5,3,3,3,3,3,3,3,3,3,3,4,3,3,3,3,3,3,3,3,3,3,3,3,3,3,3,3,3,3,3,3,3,3,3,3,3,5,3,5,3,53,49,48,48,50,48
1,2,5,2,5,2,4,2,3,2,4,5,5,2,2,2,4,5,2,1,3,2,5,4,1,2,3,3,4,4,4,2,5,3,1,5,4,1,4,5,2,1,5,2,3,3,5,5,3,2,2,3,4,2,1,2,4,4,3,5,4,2,2,5,5,1,5,2,3,3,5,1,5,2,2,3,1,4,1,1,4,2,3,5,4,3,2,5,3,1,1,1,3,4,3,3,5,4,5,3,53,57,51,50,29,50
3,3,3,2,4,2,3,3,2,1,5,5,4,4,2,1,5,3,4,3,2,2,3,3,3,5,2,2,3,3,3,5,1,2,4,5,3,1,3,1,5,5,3,2,2,1,5,3,3,2,2,3,4,4,3,1,3,2,3,5,3,4,2,2,4,5,3,4,2,2,5,2,3,2,2,2,3,1,3,1,2,1,5,1,3,4,2,2,1,4,3,3,2,4,5,4,3,3,5,4,55,64,30,34,47,50
3,4,5,4,3,2,5,4,3,2,3,5,3,4,4,4,5,5,3,4,3,3,5,5,3,4,5,4,3,5,4,4,5,4,2,5,4,4,4,4,2,3,4,4,4,4,5,5,4,3,4,3,2,2,3,4,4,2,2,5,4,4,4,4,5,3,3,4,5,2,5,5,5,4,3,5,1,5,3,5,5,4,2,5,3,2,4,4,2,4,3,4,4,4,3,5,5,5,5,1,69,50,57,66,62,57
3,3,3,3,3,3,3,3,3,3,3,3,3,3,3,3,3,5,3,3,3,3,3,3,3,3,3,3,3,3,3,3,3,3,3,3,3,3,3,3,3,3,3,3,3,3,3,3,3,3,3,3,3,3,3,3,3,3,3,5,3,3,3,3,3,3,3,3,3,3,3,3,3,3,3,3,3,5,3,3,3,3,3,3,3,3,3,3,3,3,3,3,3,3,3,3,3,3,3,3,54,48,48,48,48,48
1,3,4,4,2,3,5,5,2,4,2,5,1,4,4,2,4,5,1,5,3,3,5,2,2,5,3,4,4,5,5,5,5,3,2,5,5,4,4,3,2,4,5,4,4,4,5,5,5,4,4,4,2,4,4,4,4,4,3,5,5,5,4,3,4,4,4,5,4,4,3,4,5,4,4,5,1,5,2,1,4,4,2,5,2,4,2,2,4,4,2,4,3,4,3,5,5,5,5,4,70,48,57,58,66,54
2,4,5,3,4,2,4,4,4,2,4,5,2,5,2,2,4,5,2,2,3,4,5,3,2,4,3,3,2,5,4,4,5,2,1,5,4,2,4,3,3,2,3,2,3,4,5,5,3,2,2,3,4,2,1,2,3,4,1,5,2,4,2,3,4,2,2,4,3,3,5,5,3,2,2,5,1,5,2,1,5,2,5,5,2,3,2,4,3,3,1,1,2,3,3,3,5,5,5,4,62,54,50,50,46,39
2,1,3,2,5,2,4,5,3,4,4,5,5,1,4,3,4,5,3,1,4,4,5,3,1,1,4,3,3,3,4,3,5,3,1,3,5,2,4,3,3,1,5,2,3,3,5,5,4,2,2,3,5,3,1,3,4,4,3,5,5,4,2,5,5,1,5,4,3,3,5,1,5,1,4,3,1,1,2,5,4,3,5,5,3,1,1,4,1,1,3,1,3,4,3,1,5,5,5,3,45,58,54,53,37,57
1,2,3,2,5,3,1,2,4,1,4,5,1,4,4,1,4,4,1,4,4,2,3,3,1,5,2,2,5,1,2,1,3,1,1,5,1,1,3,2,3,5,2,4,3,2,3,5,1,1,1,3,4,4,1,2,3,2,3,5,3,4,4,5,2,5,2,5,4,4,3,4,4,2,2,3,1,5,5,1,5,1,5,5,4,3,1,2,1,5,1,5,4,1,1,3,5,3,5,3,67,48,34,50,46,31
1,2,4,2,4,3,3,1,4,1,3,3,2,4,4,1,4,3,2,2,4,2,3,3,1,2,3,2,3,5,3,1,3,1,1,5,2,3,3,1,4,5,3,4,3,1,4,5,2,3,2,3,3,3,1,2,3,1,3,5,3,4,4,2,2,5,3,5,3,2,5,4,3,2,2,2,1,5,3,2,5,1,5,5,3,3,2,1,1,4,2,3,4,2,2,5,5,3,3,4,68,48,25,53,43,37
1,1,1,1,4,1,1,1,1,1,1,1,1,1,1,1,1,5,1,1,1,1,1,1,1,1,1,2,5,5,1,1,1,2,1,1,1,1,1,1,5,1,1,5,2,1,1,5,1,1,1,1,5,1,1,1,2,1,1,1,1,1,1,1,1,1,4,1,5,4,1,1,1,1,1,5,1,5,1,1,5,5,1,1,3,3,1,5,1,1,1,1,1,1,2,1,1,1,1,1,32,32,33,26,22,21
3,4,4,4,4,2,4,4,4,4,2,5,3,4,4,4,5,5,4,4,4,3,5,3,3,4,4,4,3,5,4,4,4,4,2,5,4,3,4,4,2,3,4,4,4,4,5,5,4,3,4,3,3,2,4,4,4,4,1,5,4,4,4,4,4,3,3,4,4,2,4,4,4,4,3,3,1,5,3,5,4,3,3,5,3,3,4,4,4,4,4,4,4,4,3,4,5,4,5,5,65,51,58,63,62,58
3,4,4,4,3,3,5,4,3,2,2,5,2,5,4,3,3,5,2,1,3,3,3,3,2,5,4,4,5,5,4,5,4,3,1,1,4,1,3,2,2,3,3,1,4,3,3,5,5,5,3,3,2,3,3,1,3,3,1,5,3,5,3,2,3,3,3,5,4,3,3,3,3,5,4,5,1,5,5,1,4,3,2,5,2,4,2,2,2,4,4,1,3,3,2,3,5,5,1,3,61,38,48,55,53,53
2,1,4,2,5,2,4,2,2,3,4,5,5,3,4,2,4,3,3,2,4,2,5,3,1,1,4,3,3,4,5,1,4,2,1,3,5,2,4,5,3,5,5,2,3,3,5,5,4,1,1,4,5,3,1,2,3,4,5,5,5,2,2,5,5,2,4,4,3,3,5,1,5,2,2,2,1,1,4,1,4,2,5,5,3,3,2,5,3,3,1,1,3,2,3,5,4,4,5,4,55,62,49,49,30,57
5,2,4,4,3,4,5,5,4,4,2,5,5,2,4,4,3,4,1,4,3,4,5,2,2,4,3,4,4,5,5,4,5,4,1,5,5,2,4,4,2,4,5,4,4,4,4,5,4,4,3,4,2,4,2,4,5,4,3,5,5,4,4,5,4,4,4,4,4,3,4,4,5,4,4,3,1,5,2,1,4,4,2,5,2,4,3,4,4,4,4,2,4,4,4,4,5,5,5,5,69,48,63,62,54,61
1,5,5,5,5,1,2,2,1,1,5,5,1,5,1,1,5,5,1,1,3,2,5,5,1,5,5,2,5,1,1,1,5,1,1,5,1,1,2,5,1,1,1,4,5,3,2,5,1,1,1,1,5,1,1,1,2,5,1,5,2,5,2,1,5,1,5,5,3,3,5,1,3,1,1,1,1,5,1,1,5,1,5,5,1,3,1,3,1,1,1,5,1,1,1,1,5,4,5,1,48,53,36,43,46,24
1,3,2,5,4,1,3,5,2,2,3,1,2,3,2,1,3,2,1,2,2,2,1,4,1,1,2,2,5,5,3,5,2,2,1,1,3,1,2,2,1,1,2,1,2,1,2,2,1,1,1,2,4,1,1,1,2,5,1,1,3,4,1,1,2,1,4,4,5,5,1,1,3,1,2,1,1,5,2,1,1,2,4,1,2,5,1,1,1,1,2,2,2,4,1,1,1,1,1,1,29,35,38,31,40,34
1,1,5,2,5,4,3,1,4,2,4,5,1,3,4,1,5,5,1,4,4,1,3,3,1,1,5,2,5,5,3,1,5,1,2,5,2,2,3,2,3,4,2,4,4,1,3,5,4,5,2,4,5,4,1,2,3,1,1,5,3,4,4,2,2,4,2,5,3,5,4,4,5,2,2,3,1,1,1,2,5,1,4,5,4,2,2,2,1,4,1,1,4,1,1,3,5,3,5,4,66,49,31,59,40,35
1,2,5,2,4,2,3,2,4,2,3,5,2,2,4,2,4,4,2,1,4,2,4,3,1,2,3,3,5,4,3,1,5,2,1,5,3,2,3,3,3,5,3,2,3,3,3,3,3,1,3,3,5,4,1,2,3,3,1,5,4,2,2,2,4,2,4,4,4,3,5,1,5,2,2,3,1,3,4,1,3,1,3,5,3,2,2,3,3,4,1,1,2,2,3,3,4,3,5,4,58,52,39,52,29,43
3,3,5,4,3,3,5,3,3,3,3,3,2,3,3,3,3,5,3,5,3,2,3,3,3,5,5,4,3,5,4,3,5,2,1,3,5,3,5,3,1,3,4,3,5,5,3,5,5,3,3,3,3,3,3,3,5,2,1,5,3,4,4,3,3,3,3,5,5,3,3,3,5,3,3,3,1,1,3,5,5,3,3,3,3,3,3,3,3,3,3,4,3,3,1,3,5,5,5,3,54,38,49,65,58,57
5,1,1,1,5,1,3,5,2,1,5,5,5,4,2,1,5,3,5,1,1,1,1,2,5,1,1,2,5,5,1,5,2,2,5,5,1,2,1,1,5,5,3,2,1,1,5,5,1,2,1,1,5,3,1,2,1,1,5,5,3,5,1,5,4,5,4,1,5,5,5,2,1,2,2,1,5,5,4,5,1,1,5,1,3,5,1,2,2,5,2,1,1,5,5,2,4,1,1,4,59,72,31,24,44,47
2,3,3,2,4,2,5,5,2,3,5,5,5,4,3,2,5,3,4,2,2,3,5,3,3,2,2,2,4,5,3,5,3,4,4,4,4,2,3,2,4,2,4,2,2,1,5,5,3,2,2,3,4,4,3,2,3,4,3,5,4,4,2,5,4,3,4,4,2,2,4,3,3,2,2,2,2,5,4,4,2,2,5,4,4,4,2,3,3,2,2,1,2,4,4,3,5,4,5,4,58,65,44,37,48,57
3,3,3,5,3,3,5,3,3,3,3,3,3,3,3,3,3,5,3,3,3,2,3,3,3,5,4,4,3,5,5,3,5,3,1,3,5,2,4,3,1,3,5,3,5,5,3,5,5,3,3,3,3,3,3,3,5,3,1,5,4,4,3,3,3,3,3,4,4,3,3,3,5,3,3,3,1,5,3,3,4,5,3,3,3,3,3,3,3,3,3,1,3,3,1,3,5,5,3,3,58,38,54,58,49,61
2,2,4,2,4,2,4,4,4,4,4,3,5,2,4,4,4,4,4,1,3,3,5,3,4,2,3,3,4,4,3,2,5,2,1,4,4,2,4,3,4,1,5,2,3,3,5,3,4,1,2,3,3,3,2,2,4,3,3,5,4,2,2,4,5,1,4,2,3,3,5,1,5,2,2,3,2,5,3,4,4,2,4,5,4,3,1,5,3,1,2,1,2,4,3,3,5,4,5,3,48,59,51,50,34,59
1,5,3,3,5,2,4,1,5,1,3,5,1,1,4,1,3,5,1,1,3,2,1,3,1,1,3,3,1,3,1,5,3,1,1,5,5,1,3,1,1,1,1,2,3,1,1,3,1,3,2,3,5,3,1,1,3,4,1,5,1,4,2,5,2,1,1,4,5,3,1,1,1,2,2,3,3,5,1,1,3,1,3,5,1,3,1,1,1,1,1,2,3,1,1,1,3,3,5,2,49,33,34,48,37,23
3,3,5,4,3,3,4,3,3,3,2,5,3,2,3,3,3,5,3,4,3,2,3,3,3,3,5,4,3,5,4,1,5,3,1,3,5,2,4,3,1,3,5,3,5,5,3,5,4,3,3,3,3,3,3,5,5,3,1,5,4,3,4,3,3,3,3,5,5,3,3,3,5,4,3,3,1,5,3,4,5,5,2,5,3,3,3,3,2,3,3,1,3,3,1,3,5,5,5,3,62,35,53,64,49,58
1,2,4,4,2,3,4,4,4,4,2,5,5,4,4,4,4,4,1,4,4,2,5,2,1,3,3,4,4,5,4,3,5,2,2,5,5,4,4,2,3,4,5,4,2,4,4,5,5,4,3,4,2,3,4,4,4,3,3,5,5,3,4,4,4,4,4,4,4,4,4,4,5,4,4,4,2,5,3,5,4,4,2,5,3,4,4,4,4,4,4,2,4,4,4,4,5,5,5,5,67,51,57,61,58,59
3,4,5,4,2,4,5,4,4,4,2,5,4,4,4,4,5,5,4,1,3,3,5,5,3,5,4,4,3,5,3,4,5,4,1,1,5,4,4,3,2,3,4,4,4,5,5,5,5,4,4,3,2,4,3,1,5,4,1,5,4,4,4,5,5,3,3,5,4,2,5,4,5,4,3,3,1,5,3,1,4,3,3,1,3,2,4,5,4,4,3,4,4,3,4,3,5,5,1,5,62,50,59,65,55,60
3,3,3,3,3,3,3,3,3,3,3,3,3,3,3,3,3,3,3,3,3,3,3,3,3,3,3,3,3,3,3,3,3,3,3,3,3,3,3,3,3,3,3,3,3,3,3,3,3,3,3,3,3,3,3,3,3,3,3,3,3,3,3,3,3,3,3,3,3,3,3,3,3,3,3,3,3,3,3,3,3,3,3,3,3,3,3,3,3,3,3,3,3,3,3,3,3,3,3,3,48,48,48,48,48,48
1,2,2,4,2,2,3,4,3,2,2,5,2,3,2,2,3,4,2,4,2,2,2,4,1,1,2,3,3,4,3,4,2,2,1,1,3,2,2,2,1,1,3,5,2,2,2,2,3,5,2,3,2,4,1,2,2,4,3,5,3,4,2,2,2,2,4,4,5,4,3,2,3,4,2,4,1,4,2,2,2,3,3,5,2,3,2,2,2,2,1,2,2,4,2,2,2,2,3,4,49,34,45,36,51,37
3,3,3,2,4,2,4,4,3,3,4,5,4,4,3,2,4,4,4,3,4,2,3,3,3,4,2,3,4,5,3,4,3,2,3,5,3,4,3,2,3,4,4,2,2,1,4,5,3,2,2,3,4,4,3,2,3,3,4,5,3,4,2,3,4,3,4,4,3,2,4,2,3,2,2,2,2,5,4,3,2,2,5,5,3,4,2,3,2,4,4,4,2,4,4,2,4,4,5,4,63,58,39,41,53,55
3,3,4,4,3,3,4,3,3,3,2,3,2,2,3,3,3,5,3,5,3,2,3,3,3,5,4,4,3,5,3,3,5,2,1,5,5,3,4,3,1,3,4,2,4,3,3,5,4,3,3,3,3,3,3,3,5,3,1,5,3,4,4,2,3,3,3,5,5,3,3,3,5,4,3,3,1,5,3,5,5,3,3,5,3,3,4,3,2,4,4,4,3,4,1,3,5,5,5,3,63,36,48,62,57,55
3,4,3,4,3,3,4,4,3,3,3,5,2,4,3,3,3,4,3,4,4,4,3,3,3,4,3,4,3,4,3,4,4,3,2,5,4,2,3,3,2,3,3,4,3,4,3,4,4,3,3,3,3,3,3,4,3,3,2,5,3,4,4,3,3,3,3,4,4,3,3,3,3,4,3,5,2,5,3,4,4,3,3,5,3,4,2,3,3,3,3,4,3,3,3,5,4,4,1,3,63,44,54,52,61,50
2,2,4,3,4,2,4,4,4,3,4,4,4,2,3,2,4,4,3,2,4,2,4,3,4,2,3,3,3,4,3,2,4,2,2,4,4,2,3,3,3,4,3,2,3,3,4,4,3,2,2,3,3,4,2,2,3,3,3,5,4,2,2,3,4,4,4,4,3,3,4,3,5,2,2,3,2,5,2,3,4,2,4,5,3,2,2,3,3,4,2,2,3,3,3,3,4,4,3,3,62,54,44,49,37,52
3,3,1,1,4,2,3,2,2,3,5,5,3,3,2,1,5,3,4,2,2,1,3,3,3,1,1,2,5,1,3,5,1,2,5,5,3,4,3,1,5,5,3,2,1,1,5,5,3,2,3,2,4,3,3,2,3,1,4,5,3,3,2,1,4,5,3,4,4,5,4,2,3,2,2,1,5,1,3,5,2,2,5,5,3,3,2,2,2,5,4,4,2,1,5,5,5,3,5,4,60,70,27,33,47,50
1,1,3,1,4,2,3,2,3,2,3,1,1,2,3,1,4,4,2,1,3,2,5,3,1,1,3,3,1,5,1,1,3,2,1,1,3,1,3,1,5,4,3,1,3,3,3,3,3,1,3,3,4,2,1,1,3,1,3,5,4,2,2,3,5,3,3,2,3,3,5,1,5,2,2,3,1,1,1,1,3,2,5,1,3,2,1,2,2,2,3,1,2,2,3,1,3,3,5,3,39,54,34,43,22,38
3,4,5,5,3,3,5,5,4,4,2,5,4,5,4,4,5,5,4,1,3,4,5,3,3,5,5,5,3,5,5,4,5,4,1,1,5,4,4,5,2,3,5,4,4,5,5,5,5,4,4,1,2,3,3,5,5,4,1,5,3,5,4,5,5,3,3,5,5,2,5,5,5,4,2,1,1,5,3,1,5,3,3,5,3,3,4,5,4,3,3,4,3,4,3,3,5,5,5,1,62,50,61,66,63,62
3,3,5,5,3,3,5,3,3,3,1,3,3,3,3,3,3,5,3,4,3,2,3,3,3,4,5,4,3,5,5,3,5,3,1,3,5,2,5,3,1,3,5,3,5,5,3,5,4,3,3,3,3,3,3,3,5,3,1,5,3,4,3,3,3,3,3,5,5,3,3,3,5,3,3,3,1,5,3,3,5,3,3,3,3,3,3,3,3,3,3,1,3,3,3,5,5,5,5,3,60,38,52,64,50,59
3,3,3,3,3,3,4,3,3,3,3,3,3,3,3,3,3,4,3,3,3,3,3,3,3,3,3,3,3,5,4,3,3,3,3,3,3,2,4,3,3,3,3,3,3,3,3,5,3,3,3,3,3,3,3,3,3,3,3,5,4,5,3,3,3,3,3,4,3,3,4,3,5,4,3,3,3,5,3,4,4,3,3,5,3,3,3,3,3,3,2,3,3,3,3,3,5,3,5,3,59,49,48,50,52,52
4,4,5,4,3,3,5,4,3,3,3,5,4,4,3,3,3,5,4,4,3,3,5,3,4,5,5,4,2,5,3,4,5,4,1,5,5,4,3,3,3,5,4,4,3,3,5,5,4,3,4,3,1,3,3,5,5,3,3,5,3,5,4,5,5,5,3,5,4,3,5,5,5,4,4,3,1,5,3,5,4,3,3,5,3,3,4,5,3,5,4,4,3,3,3,5,5,5,5,5,74,49,55,62,67,61
2,3,2,2,4,2,3,4,2,1,5,4,4,3,2,1,5,3,3,2,2,2,4,2,4,2,2,2,4,5,3,4,3,2,4,5,3,1,3,2,4,5,4,2,2,1,4,3,3,2,2,3,4,4,1,2,2,3,4,5,4,4,2,2,4,2,4,4,2,3,5,3,3,2,2,2,3,1,4,4,2,2,5,5,3,4,2,2,3,4,4,2,2,4,4,4,3,4,5,4,57,66,34,34,45,52
1,1,3,2,5,3,3,1,4,1,5,5,2,4,4,1,5,5,1,4,4,1,3,3,1,2,3,2,1,5,2,1,5,2,1,5,1,2,3,2,4,5,3,4,3,1,3,5,1,4,2,3,5,4,1,2,3,1,1,5,3,4,4,1,2,5,3,5,5,1,5,1,3,2,1,2,1,5,1,1,5,1,5,5,4,3,1,1,1,5,1,5,4,1,2,5,5,1,5,4,71,49,23,54,45,31
2,3,2,4,3,4,3,4,2,2,4,5,2,4,2,2,3,4,2,4,4,2,2,2,1,4,2,2,4,4,3,4,2,2,2,3,3,2,2,2,2,2,2,4,2,2,2,3,3,4,1,2,2,4,2,3,2,4,3,5,3,4,2,2,2,2,4,4,4,4,3,2,3,4,2,4,2,4,2,2,2,3,3,5,2,4,2,2,2,4,1,2,2,4,2,2,3,2,3,3,55,41,43,35,56,38
1,2,4,4,2,3,4,4,4,4,2,5,4,3,4,4,4,5,4,2,4,4,5,2,1,2,3,4,4,5,4,4,5,4,1,5,5,3,4,3,2,4,5,4,3,4,5,5,5,4,3,4,2,4,2,4,3,4,3,5,5,4,4,3,4,3,4,4,3,4,5,4,5,4,4,4,2,5,3,5,4,3,3,5,3,4,2,4,4,4,4,1,4,4,4,4,5,5,5,5,68,52,61,58,54,59
3,4,5,4,2,4,5,4,4,4,2,5,4,5,4,3,4,5,4,4,3,4,5,3,3,5,4,4,3,5,3,4,4,4,1,5,5,4,5,4,2,3,4,4,4,5,5,5,5,4,4,3,2,4,3,4,5,4,3,5,4,4,4,5,5,4,3,5,4,2,4,3,5,4,3,3,1,5,3,5,4,3,3,5,3,3,4,5,4,4,3,4,4,4,3,5,5,5,5,1,70,49,61,65,67,60
1,1,1,5,3,1,1,5,1,1,1,1,1,5,1,1,1,1,1,5,1,1,1,1,1,1,1,1,5,5,3,5,1,1,1,5,1,1,1,1,1,1,1,1,1,1,1,1,1,5,1,1,1,1,1,1,1,5,1,5,2,5,1,5,1,1,4,5,5,5,1,1,1,1,1,1,1,5,1,1,1,5,1,5,2,5,1,1,1,1,1,1,1,5,1,1,1,1,1,1,36,22,40,20,48,23
4,4,4,4,2,2,4,4,3,4,2,5,4,4,3,3,4,4,4,4,3,4,3,2,4,5,4,4,3,3,4,4,4,4,2,5,4,4,4,4,2,3,4,4,3,4,4,5,4,3,3,3,2,3,4,4,3,4,3,5,4,4,2,4,4,3,4,3,4,2,4,3,3,4,3,5,2,5,4,4,4,4,3,5,3,3,2,3,3,3,4,2,4,3,4,3,5,5,5,3,59,47,59,53,60,62
2,2,5,3,5,2,4,4,3,2,4,5,2,1,4,2,4,3,3,1,3,3,5,3,4,2,3,3,3,4,4,1,5,2,2,3,5,2,3,5,4,5,5,2,3,3,5,5,3,1,1,3,5,3,3,2,3,4,3,5,4,2,2,5,5,1,4,2,3,3,5,1,3,2,2,3,2,1,3,2,3,2,3,5,3,3,1,5,2,2,2,1,3,4,3,3,4,5,5,4,51,60,52,47,30,54
3,3,3,1,4,2,3,4,3,1,5,5,4,4,3,2,5,3,4,3,4,2,5,3,3,5,2,2,3,5,3,5,3,2,4,5,3,4,3,1,4,5,3,2,3,1,5,5,3,3,3,3,4,3,3,2,3,1,3,5,3,4,2,2,4,5,3,4,3,2,5,4,3,2,2,2,3,1,4,3,4,2,5,5,4,4,2,2,1,4,2,2,2,2,5,4,5,5,5,4,64,65,28,45,54,51
3,5,5,4,2,3,5,5,4,4,4,5,2,5,3,3,3,5,4,1,3,4,3,1,3,5,4,4,5,5,3,5,4,2,1,5,5,5,3,2,1,3,3,5,3,4,5,5,5,1,3,3,2,3,3,1,3,4,1,5,3,5,4,3,3,3,3,5,4,4,3,3,3,5,3,5,1,5,5,1,4,4,2,5,4,4,2,3,2,3,3,1,3,3,3,3,5,5,5,3,62,41,56,55,59,57
1,5,5,5,5,1,1,2,1,1,5,5,1,5,1,1,5,5,1,5,5,2,1,5,1,5,5,2,5,5,1,5,1,1,1,5,1,2,1,1,1,1,1,5,5,3,1,5,1,5,1,1,5,1,1,1,1,5,1,5,2,5,1,5,1,3,1,5,5,3,5,1,3,5,1,5,1,5,1,1,5,1,5,5,1,3,1,1,1,5,1,5,1,4,1,5,3,5,5,1,62,44,41,40,64,19
1,5,5,1,4,2,4,2,3,1,5,5,1,5,4,2,4,5,1,1,4,2,5,3,2,5,4,3,5,5,4,5,5,2,1,5,4,1,5,1,3,5,4,2,3,3,3,5,3,1,2,3,5,3,1,1,5,3,1,5,2,5,2,1,5,5,2,5,3,3,3,1,3,2,2,1,1,5,3,1,4,1,5,5,1,4,1,3,2,5,1,1,2,2,1,5,5,5,5,5,69,53,32,54,46,37
3,4,5,4,3,3,5,4,4,4,2,5,3,4,4,4,4,5,3,4,3,3,5,5,3,4,4,4,3,5,4,4,5,3,1,5,5,4,4,3,2,4,4,4,4,4,5,5,5,3,4,4,2,3,3,4,5,3,1,5,4,5,4,5,5,4,3,5,4,2,4,4,5,4,3,5,1,5,3,5,5,4,2,5,3,2,4,4,3,5,3,4,4,4,4,5,5,5,1,5,73,47,60,66,64,59
2,3,4,4,2,3,4,4,4,4,2,5,4,2,4,4,4,4,4,2,4,3,4,2,2,2,3,4,4,5,4,3,4,3,2,5,5,3,4,3,3,4,4,2,3,4,4,5,4,3,4,3,2,4,4,4,3,3,3,5,4,3,3,4,3,4,4,3,3,3,4,3,5,4,4,4,2,5,4,4,4,3,3,5,3,3,4,3,4,4,4,2,4,3,4,4,5,4,5,4,67,50,55,59,47,61
3,1,1,1,5,1,3,4,1,1,5,1,1,1,1,1,3,5,1,2,2,2,1,5,1,1,1,1,5,1,3,3,2,2,1,2,3,2,2,1,1,1,3,3,3,2,1,5,3,1,1,1,5,1,3,2,2,1,3,5,3,2,1,2,3,1,4,2,5,5,3,1,3,2,2,3,1,5,3,1,1,3,3,1,3,3,1,1,1,1,3,1,2,4,3,1,1,1,1,1,37,44,31,28,31,43
3,3,4,4,3,3,4,3,3,3,3,5,3,3,3,3,3,5,3,4,3,3,3,3,3,5,4,4,3,5,4,3,5,3,1,3,5,3,4,3,1,3,4,3,4,4,3,5,4,3,3,3,3,3,3,3,4,3,1,5,3,4,3,2,3,3,3,5,4,3,3,3,5,3,3,3,1,5,3,3,4,3,3,5,3,3,3,3,2,3,3,4,3,3,2,3,5,5,5,3,62,38,50,57,55,56
1,1,5,5,3,1,4,4,2,2,2,5,1,1,2,3,4,5,2,1,3,2,5,5,1,1,3,3,3,5,3,1,5,2,1,5,4,1,4,3,2,1,5,2,3,3,3,5,3,1,3,3,3,2,1,1,4,3,3,5,4,2,2,2,5,1,5,2,3,3,5,1,5,1,2,2,1,3,1,1,5,3,3,5,4,2,1,3,3,1,1,1,2,1,3,3,3,4,5,3,53,49,43,49,23,45
5,2,5,4,2,4,5,4,4,4,2,5,4,2,4,2,5,5,5,4,4,2,5,2,2,4,3,4,4,5,4,3,5,2,2,5,5,4,4,2,3,4,5,4,3,4,5,5,5,4,4,4,2,4,2,4,5,3,1,5,5,4,4,4,5,4,4,4,4,4,5,4,5,4,4,4,1,5,4,5,4,4,3,5,4,4,3,3,4,4,3,4,4,4,4,5,5,5,1,5,71,53,54,64,60,67
1,1,2,4,3,2,3,5,2,1,2,2,1,4,2,1,4,4,1,2,2,3,3,4,1,1,2,3,3,4,3,5,2,2,1,5,4,2,2,2,1,2,3,4,2,2,2,2,3,3,2,3,2,2,1,3,2,4,3,5,3,5,2,2,2,1,4,4,5,4,3,2,3,3,2,5,2,4,2,2,2,3,3,3,2,4,2,3,2,2,1,2,2,4,2,2,3,2,2,3,46,38,46,35,50,36
1,1,5,2,5,2,5,4,3,2,4,5,1,1,4,2,5,5,3,2,4,3,5,3,1,2,4,3,3,3,4,4,5,2,1,5,4,1,4,5,4,5,5,2,3,3,5,5,3,1,1,3,5,3,2,2,4,3,3,5,3,4,2,4,5,3,4,3,3,3,5,2,3,2,2,3,1,5,3,2,5,3,5,5,3,3,2,5,2,4,3,1,3,3,3,3,5,5,5,3,63,61,49,54,35,48
1,4,5,5,2,4,5,5,4,4,2,5,5,5,3,2,4,5,1,2,3,2,5,5,1,5,4,4,4,5,5,5,4,3,1,5,5,4,4,3,2,2,5,4,4,4,4,5,5,4,4,3,2,4,4,4,3,3,3,5,5,5,3,4,3,4,4,4,4,4,5,4,5,4,4,3,1,5,2,1,4,3,2,5,2,4,2,2,4,4,1,3,4,4,4,4,5,5,5,4,71,48,53,59,63,56
1,3,1,5,2,1,5,5,1,1,1,1,5,5,1,1,1,1,1,1,2,3,1,5,1,1,2,1,5,5,3,5,1,1,1,5,4,2,2,2,1,1,1,1,1,1,1,5,1,1,2,1,1,5,2,1,1,5,1,5,3,5,1,1,1,1,5,4,5,1,1,1,1,1,2,5,1,5,1,1,1,3,1,1,2,4,1,1,1,1,1,1,1,4,1,1,1,1,1,1,44,21,36,25,41,37
2,3,4,4,3,4,4,4,4,3,3,5,4,3,4,3,5,4,4,3,4,3,5,2,2,4,3,4,4,5,4,3,4,3,1,5,5,2,4,3,3,4,4,4,4,4,5,5,4,3,3,4,2,4,2,4,4,3,3,5,4,3,4,3,4,4,4,4,4,3,4,4,4,4,4,4,2,5,3,4,4,3,4,5,3,3,3,3,3,4,3,2,3,4,4,4,5,5,5,4,69,55,54,60,53,56
1,5,4,5,4,1,2,3,4,1,5,5,1,4,2,1,5,4,1,1,2,3,3,3,1,5,5,3,1,5,1,4,5,4,1,5,2,1,2,5,1,2,1,4,4,4,2,5,2,4,1,3,5,1,1,1,2,5,1,5,2,1,1,5,5,2,2,5,4,4,5,1,2,2,2,5,1,5,1,1,5,1,3,5,2,3,1,3,1,1,1,1,2,4,1,1,5,5,5,4,51,44,56,46,45,23
4,4,4,5,1,2,4,5,4,5,1,5,5,3,4,4,2,4,5,5,3,5,3,1,5,5,3,5,1,5,4,5,4,5,1,5,5,4,3,5,1,3,5,5,3,5,4,3,4,4,3,1,1,4,4,5,3,5,3,5,4,4,2,5,4,3,4,4,4,2,4,3,3,4,4,5,1,5,4,1,2,5,1,5,4,2,2,5,4,4,5,4,5,2,5,4,5,5,5,5,61,37,69,53,64,69
4,4,4,4,3,3,4,4,4,4,4,5,2,4,4,4,3,4,3,4,3,4,3,3,3,4,3,4,3,5,4,4,4,3,2,5,4,3,3,2,2,4,3,4,3,4,3,5,4,4,3,4,3,3,3,4,3,3,2,5,3,4,4,3,3,4,2,4,4,3,3,4,3,4,4,3,2,5,4,2,4,3,3,5,3,4,2,4,4,4,4,4,4,4,3,3,4,3,1,3,67,46,56,56,61,53
3,3,5,5,3,3,5,3,3,3,3,3,3,3,3,3,3,5,3,4,3,3,3,3,3,5,5,4,3,5,5,3,5,3,1,3,5,2,4,3,1,3,4,3,5,5,3,5,5,3,3,3,3,3,3,1,4,3,1,5,3,4,3,3,3,3,3,5,3,3,3,3,5,3,3,3,1,5,3,3,5,3,3,5,3,3,3,3,1,3,3,3,3,3,1,3,5,5,3,3,60,36,53,60,51,59
2,2,4,3,4,2,4,4,4,3,4,4,4,2,2,2,4,4,4,2,4,2,3,3,2,2,3,3,4,4,4,2,4,2,2,3,4,2,4,3,3,2,4,2,3,3,3,4,3,2,2,3,2,3,2,2,3,2,3,5,4,2,2,2,4,2,4,4,3,3,4,2,4,2,2,3,2,5,2,2,3,3,4,4,4,2,2,3,3,2,2,2,3,3,3,3,4,4,4,4,52,52,43,48,36,53
3,3,3,3,3,3,3,3,3,3,3,3,3,3,3,3,3,3,3,3,3,3,3,3,3,4,3,3,3,3,3,3,3,3,3,5,3,4,3,3,3,3,3,3,3,3,3,3,3,3,3,3,3,3,3,3,3,3,3,5,3,3,3,3,3,3,3,3,3,3,3,3,3,3,3,3,3,3,3,3,3,3,3,5,3,3,3,3,3,3,3,3,3,3,3,3,3,3,5,3,54,48,48,48,50,48
5,5,4,4,3,2,5,5,3,3,3,5,2,5,3,3,1,5,4,1,3,4,3,2,3,5,3,4,3,5,3,5,5,2,2,5,5,2,3,2,1,3,3,2,3,4,3,5,4,5,3,3,1,5,3,5,3,3,1,5,3,5,4,3,3,3,3,5,4,3,3,3,3,5,4,5,1,5,4,1,4,5,2,5,3,4,3,3,2,3,3,2,4,3,2,5,5,5,1,3,66,34,54,56,62,56
2,2,4,2,4,4,2,2,4,4,4,5,2,4,4,2,4,4,2,4,4,1,3,3,2,4,2,2,4,5,2,2,3,2,2,5,2,2,3,2,2,4,2,3,3,2,3,5,2,4,2,3,4,4,2,2,3,2,3,5,3,4,4,2,2,4,2,4,3,4,3,4,4,2,2,3,2,5,2,2,4,2,4,5,4,2,2,2,2,4,4,4,4,4,3,5,5,3,5,4,71,49,39,51,47,39
3,3,3,3,3,3,4,3,3,3,3,3,3,3,3,3,3,4,3,3,3,3,3,3,3,4,3,3,3,5,3,3,3,3,3,3,3,3,4,3,3,3,3,3,3,3,3,5,3,3,3,3,3,3,3,3,3,3,3,5,3,4,3,3,3,3,3,4,3,3,3,3,3,3,3,3,3,5,3,3,3,3,3,3,3,3,3,3,3,3,3,3,3,3,3,3,5,3,3,3,57,48,48,49,51,49
5,4,5,5,2,1,5,5,4,5,2,5,1,2,2,5,2,3,1,1,4,5,3,5,5,5,2,5,1,2,3,5,5,5,1,5,5,1,2,5,1,2,5,4,2,5,3,5,4,4,4,5,1,1,5,1,2,5,3,5,4,4,2,5,5,2,4,3,3,2,5,4,3,1,4,5,1,5,4,5,2,5,2,5,4,2,2,5,4,4,4,1,4,3,4,4,5,5,5,5,58,40,75,49,48,62
1,1,4,5,4,1,1,3,1,1,3,1,1,2,1,1,3,5,1,2,2,2,1,5,1,1,1,2,1,4,3,4,2,2,1,2,3,1,2,2,1,1,2,4,2,2,2,5,1,1,1,1,5,1,1,1,2,4,1,4,3,2,1,2,2,1,4,2,4,1,1,1,3,2,1,5,1,5,5,1,1,2,3,1,3,2,1,1,1,1,1,1,2,4,1,1,1,1,1,1,39,31,37,28,30,34
1,4,4,3,4,3,3,2,4,1,2,5,1,5,2,1,3,5,1,4,4,2,2,3,1,5,5,2,3,5,1,4,3,2,2,5,1,1,2,2,1,3,4,4,4,2,2,5,1,3,2,3,5,4,1,4,3,3,1,5,2,5,2,2,2,5,4,5,4,4,2,2,2,2,1,5,1,5,1,1,4,2,4,5,1,2,1,1,1,3,1,2,4,2,1,4,3,1,5,4,67,36,37,49,53,26
3,3,5,5,3,3,4,3,3,3,3,5,3,3,3,3,3,5,3,4,2,3,3,3,3,5,5,4,3,5,3,3,5,3,1,5,5,2,4,3,1,3,4,3,4,5,3,5,4,3,3,3,3,3,3,3,5,3,1,5,3,5,3,3,3,5,3,5,5,3,3,3,5,3,3,3,1,5,3,5,5,3,3,5,3,3,3,3,2,3,3,4,3,3,1,3,5,5,5,3,66,37,53,61,57,55
4,2,5,5,2,2,4,5,4,4,1,5,4,2,4,4,2,4,4,2,3,5,3,2,5,2,4,5,1,3,5,5,5,5,1,5,5,1,4,5,1,4,5,4,4,5,4,5,3,4,4,5,1,2,5,1,3,5,1,5,4,3,4,5,5,2,4,3,4,1,4,4,3,4,4,5,1,5,3,5,4,5,2,5,3,2,4,5,4,4,4,2,4,3,4,4,5,5,5,5,61,37,72,64,47,65
2,3,4,4,2,3,4,4,4,3,2,5,4,2,4,2,4,4,4,2,4,4,4,2,3,2,3,4,4,5,4,4,5,4,1,5,5,2,4,3,3,4,4,3,4,4,4,5,4,3,4,4,2,4,2,4,4,4,1,5,4,3,4,4,4,4,4,4,4,3,4,4,5,4,3,4,2,5,3,4,4,4,3,5,3,3,3,4,4,4,3,2,4,4,4,4,5,5,5,4,68,48,59,62,49,58
5,3,4,4,2,2,4,5,4,5,2,5,4,3,4,4,4,3,4,4,3,5,3,3,5,5,3,5,3,3,3,4,4,5,1,5,4,4,3,5,1,3,4,4,3,5,4,3,3,4,3,5,2,4,1,5,3,5,3,5,4,3,2,5,5,3,4,3,3,1,5,3,3,4,3,5,1,5,4,5,2,5,3,5,3,3,2,5,4,4,4,4,4,5,5,3,5,5,5,5,59,48,74,50,63,59
3,4,5,4,3,5,5,4,3,4,2,5,3,4,4,4,4,5,4,1,3,4,5,3,3,5,4,4,2,5,4,4,4,4,2,1,5,4,4,4,2,4,4,1,4,5,5,5,4,3,4,4,2,4,3,1,5,4,1,5,4,5,4,5,5,4,3,5,4,2,4,4,5,4,4,1,1,5,3,5,4,3,2,1,3,3,4,5,3,4,4,1,4,4,4,5,5,5,1,5,65,47,61,64,54,60
4,2,4,4,2,2,4,4,4,4,2,5,4,3,4,4,4,4,4,2,4,4,3,2,4,2,4,4,2,3,4,4,4,4,2,5,4,2,4,4,2,4,4,3,3,4,4,5,4,4,4,4,2,2,4,4,3,4,3,5,4,4,2,4,4,2,4,3,3,2,4,3,3,4,3,5,2,2,4,4,3,4,2,5,4,2,2,4,4,4,4,2,4,3,3,3,5,4,5,4,56,45,62,55,49,63
2,3,4,4,2,3,5,4,2,4,4,5,5,4,4,2,4,5,4,4,4,3,5,2,2,4,3,4,4,5,4,4,4,3,2,5,5,4,4,3,2,2,5,4,3,4,5,5,5,4,2,4,2,4,2,4,3,3,2,5,4,4,4,3,4,4,4,4,4,5,5,4,5,4,3,4,1,5,3,1,4,3,4,5,3,4,2,3,3,4,2,2,3,4,4,4,5,5,5,4,67,53,56,53,58,60
1,2,5,2,5,4,2,1,5,1,5,5,1,4,4,1,5,4,1,4,5,1,5,3,1,1,5,2,5,5,2,2,5,1,1,5,1,3,5,1,5,5,2,3,4,2,3,5,1,5,1,2,5,4,1,2,3,1,1,5,3,4,4,1,1,5,2,5,5,5,5,5,5,2,1,2,1,5,1,1,5,1,5,5,2,2,1,1,1,5,1,5,5,1,1,5,5,1,5,5,75,54,25,63,46,27
1,1,2,5,4,1,1,5,1,1,2,1,1,1,1,1,1,1,1,1,2,2,1,5,1,1,1,1,5,5,3,5,2,1,1,1,4,1,3,2,1,1,3,4,4,2,1,1,3,3,1,1,5,1,1,1,1,5,1,5,3,4,1,1,1,1,4,4,5,5,1,1,3,3,1,1,1,5,1,1,2,2,1,1,2,4,1,1,5,1,2,1,1,4,1,1,1,1,1,1,32,32,35,29,40,34
3,3,3,3,3,3,3,3,3,3,3,3,3,3,3,3,3,4,3,3,3,3,3,3,3,3,3,3,3,4,3,3,3,3,3,3,3,3,3,3,3,3,3,3,3,3,3,3,3,3,3,3,3,3,3,3,3,3,3,5,3,3,3,3,3,3,3,4,3,3,3,3,3,3,3,3,3,4,3,3,3,3,3,5,3,3,3,3,3,3,3,3,3,3,3,3,3,3,3,3,55,48,48,48,49,48
4,4,4,4,3,3,4,4,3,3,4,5,2,4,4,3,3,4,3,4,4,3,3,3,3,4,4,4,3,5,4,4,4,2,2,5,3,2,3,3,2,3,3,4,4,4,4,5,4,2,3,4,2,3,3,4,3,3,2,5,3,4,4,3,3,4,2,4,4,4,4,3,3,3,3,4,2,5,3,5,4,3,3,1,2,4,2,3,2,4,3,4,3,4,3,4,4,4,5,4,62,45,54,56,60,49
3,3,3,3,3,3,3,3,3,3,3,3,3,3,3,3,3,3,3,3,3,3,3,3,3,3,3,3,3,3,3,3,3,3,3,3,3,3,3,3,3,3,3,3,3,3,3,3,3,3,3,3,3,3,3,3,3,3,3,5,3,3,3,3,3,3,3,3,3,3,3,3,3,3,3,3,3,3,3,3,3,3,3,5,3,3,3,3,3,3,3,3,3,3,3,3,3,3,5,3,52,48,48,48,48,48
2,2,4,2,4,2,4,4,3,3,4,5,4,2,3,2,4,3,3,1,4,4,5,3,2,2,3,3,3,5,3,4,5,3,1,4,4,2,4,4,3,2,5,2,3,3,5,5,3,1,2,3,5,2,2,2,4,4,3,5,4,2,2,5,5,1,4,3,3,3,5,2,4,2,2,3,1,5,3,4,5,1,5,4,3,2,2,3,3,1,2,1,2,3,3,3,5,5,5,4,52,59,49,51,36,52
3,3,3,4,3,3,3,3,3,3,3,3,4,3,3,3,3,5,3,4,3,2,3,3,3,4,4,4,3,5,4,2,4,3,1,5,4,2,4,3,2,3,4,3,3,4,3,5,3,3,3,3,3,3,3,3,4,2,1,5,3,4,4,2,3,3,3,4,4,3,3,3,5,3,3,3,1,5,3,4,4,3,3,5,3,3,3,3,3,3,3,4,3,3,3,3,5,4,5,3,62,41,48,55,52,54
3,4,5,4,2,4,5,4,3,4,3,5,4,5,4,4,5,5,4,4,3,4,5,5,3,5,5,4,3,5,3,4,5,4,2,1,5,4,4,4,2,4,4,4,4,4,5,5,4,4,4,4,2,3,3,4,5,3,1,5,4,4,4,5,5,4,3,5,5,2,5,4,5,4,3,4,1,5,3,5,5,3,3,5,3,3,4,5,2,4,3,4,4,4,4,5,5,5,5,1,69,50,62,67,67,59
5,3,4,4,1,1,4,5,3,5,1,5,5,1,3,5,2,3,4,2,3,5,3,2,4,2,2,5,1,3,3,5,4,5,1,5,5,2,4,5,1,3,5,4,3,5,3,5,3,3,3,5,1,2,3,5,3,5,3,5,4,3,4,5,5,3,4,3,3,1,4,3,1,4,4,5,1,5,3,5,2,5,1,5,4,3,4,5,4,3,5,2,5,3,4,3,4,5,5,5,56,36,73,54,52,62
3,3,3,1,4,2,3,4,3,4,5,5,2,4,2,2,5,3,4,2,2,3,3,3,3,1,1,3,3,3,3,4,3,2,4,5,3,2,3,2,5,5,3,2,2,1,5,3,3,3,2,3,4,3,3,2,3,4,5,5,3,4,2,3,5,3,3,4,4,3,4,3,3,2,2,3,2,3,4,5,2,2,5,5,3,3,2,3,3,5,2,1,1,4,5,3,3,3,5,4,59,67,43,37,46,48
4,4,4,4,2,3,4,4,3,4,3,5,4,3,3,4,4,4,4,4,4,4,3,3,3,4,4,4,3,5,4,4,5,4,2,5,4,4,4,4,2,3,4,4,3,5,4,5,4,4,3,4,1,3,3,4,3,4,3,5,4,4,4,5,4,3,4,4,4,2,4,3,3,4,3,3,1,5,3,4,4,3,3,5,4,2,4,4,3,3,4,4,4,3,4,3,5,5,5,5,63,46,61,59,61,60
3,1,3,2,5,3,4,2,3,2,4,3,5,1,3,3,4,5,2,1,4,3,5,3,1,1,3,3,4,5,3,2,5,2,2,3,3,2,4,3,4,5,5,2,3,3,5,5,3,1,3,3,4,3,1,2,3,2,3,5,4,2,2,4,4,5,3,4,3,3,5,3,3,2,3,3,1,5,3,2,4,3,5,3,3,2,1,3,3,4,2,1,2,3,3,3,5,4,3,3,63,61,45,49,28,48
3,3,3,3,3,3,4,3,3,3,3,3,3,3,3,3,3,3,3,3,3,3,3,3,3,5,3,3,3,3,3,3,3,3,3,3,3,4,3,3,3,3,3,3,3,3,3,5,3,3,3,3,3,3,3,3,3,3,3,4,3,4,3,3,3,3,3,3,3,3,3,3,3,4,3,3,3,3,3,3,3,3,3,3,3,3,3,3,3,3,3,3,3,4,3,3,3,3,3,3,51,48,49,48,53,49
1,1,5,2,5,3,4,2,4,2,4,5,2,1,4,3,4,4,2,1,4,2,5,3,1,1,3,3,3,5,3,1,5,2,1,4,4,1,4,2,4,5,5,1,3,2,5,5,3,1,2,3,3,2,1,2,5,2,3,5,5,2,2,5,5,4,5,4,3,3,5,1,5,1,2,2,1,5,1,1,5,1,4,5,3,1,1,3,3,4,1,1,2,2,3,3,5,4,5,4,63,58,39,54,22,46
1,4,4,3,4,2,3,2,3,2,4,3,2,4,4,2,4,3,2,2,4,3,3,3,1,4,4,3,3,5,3,4,4,2,1,2,4,2,3,3,2,2,3,2,3,3,3,4,2,2,2,3,4,2,2,2,3,4,1,5,2,4,2,3,4,2,3,4,4,3,3,2,3,2,2,3,1,5,2,2,4,2,4,5,2,2,2,3,3,2,1,2,3,3,3,3,5,5,5,4,50,47,45,51,44,36
3,2,5,2,5,2,5,4,3,3,4,5,5,2,3,3,4,3,3,2,3,4,5,3,5,2,4,3,3,4,5,4,5,3,1,3,5,2,4,5,2,3,5,2,3,3,5,5,4,1,2,3,2,3,3,3,3,4,3,5,3,3,2,4,5,2,4,2,3,3,5,1,3,2,2,3,1,4,3,4,5,3,5,5,3,3,2,5,3,3,3,1,3,4,3,3,5,5,5,4,54,56,55,52,39,62
2,4,4,3,4,2,3,4,3,1,5,5,2,5,2,1,4,4,2,4,4,2,2,3,2,5,4,3,2,5,4,4,4,2,2,5,2,2,2,2,2,2,2,4,4,3,2,5,4,2,2,3,3,3,2,2,3,4,1,5,2,5,2,2,2,3,2,5,4,3,3,2,2,2,1,3,1,5,2,1,4,2,4,5,2,4,2,2,1,3,2,2,3,4,1,2,4,4,5,3,59,39,40,48,55,37
1,3,4,4,2,3,5,4,3,4,2,5,5,2,4,4,4,4,2,4,3,3,4,2,2,2,3,4,4,5,4,4,5,3,1,5,5,4,4,3,2,4,5,4,3,4,4,5,5,4,4,4,2,4,2,4,3,3,2,5,5,4,4,4,4,4,4,4,3,4,4,4,5,4,4,4,1,5,3,4,4,4,2,5,2,3,2,3,4,4,3,2,4,4,4,4,5,5,5,5,68,46,59,57,56,58
1,3,1,5,5,1,1,5,1,1,5,1,1,4,2,1,3,1,1,1,2,3,1,5,1,1,1,1,5,5,3,5,1,2,1,1,3,1,2,1,1,1,2,2,2,1,1,5,1,3,1,1,5,1,1,2,1,1,5,1,3,4,1,2,1,1,5,4,5,5,1,1,3,2,2,1,1,5,5,1,1,2,3,1,3,3,1,1,1,1,2,1,2,3,1,1,1,1,1,1,32,40,31,26,42,36
2,2,4,3,4,4,2,2,4,2,4,5,2,4,4,1,4,4,2,4,4,2,3,3,2,4,2,2,5,5,2,2,3,2,3,5,2,2,3,2,2,4,2,4,3,2,2,5,2,4,2,3,4,4,1,2,3,2,1,4,3,4,4,2,2,4,2,4,3,4,3,4,4,2,2,3,2,5,2,2,4,2,4,5,3,2,2,2,1,4,2,4,4,2,3,4,4,3,5,4,69,47,36,51,48,35
1,5,5,5,5,1,1,1,1,1,5,5,1,5,1,1,5,5,1,1,3,1,3,5,1,5,5,1,5,5,3,1,5,1,1,1,5,1,1,1,1,2,1,2,5,3,1,5,1,3,1,1,5,1,1,1,5,1,1,5,5,5,1,1,5,5,5,5,5,3,3,1,1,1,2,1,1,5,1,1,5,1,5,1,1,3,1,1,1,1,1,5,2,1,1,1,5,5,5,5,49,48,24,48,45,30
3,4,2,1,4,2,3,1,3,1,5,4,4,5,2,1,5,3,3,1,2,1,5,3,3,1,2,2,4,4,3,5,3,2,1,5,1,2,3,1,5,5,4,2,2,1,5,5,3,3,1,2,5,2,3,2,3,1,5,5,3,5,2,1,5,5,4,3,2,1,5,4,3,2,2,1,5,5,3,2,4,1,5,2,3,4,2,1,2,5,3,1,2,5,5,4,5,3,5,4,63,71,23,37,43,49
2,2,3,2,4,3,3,2,4,4,4,5,2,4,4,2,4,3,2,4,4,2,5,3,2,2,2,3,4,4,3,2,4,2,2,5,2,2,3,2,2,5,2,3,3,1,4,5,2,4,2,3,4,4,2,2,3,2,1,5,3,5,2,2,2,4,2,4,2,4,4,2,4,2,2,2,2,5,2,2,3,2,5,5,3,4,2,2,2,4,2,4,2,4,3,3,5,4,5,4,65,52,39,45,48,38
1,1,2,5,4,1,3,5,2,1,3,1,1,3,2,1,3,1,1,2,2,2,1,5,1,1,1,2,1,5,3,5,2,2,1,2,3,2,2,2,1,1,3,3,2,2,2,5,1,1,1,1,5,1,1,1,2,2,1,5,3,3,2,2,2,1,3,2,4,4,2,1,3,2,2,3,1,5,1,1,5,2,4,1,2,3,1,1,1,1,1,1,2,4,2,1,1,1,1,3,37,34,36,34,36,31
3,3,5,5,3,3,5,3,3,3,1,5,3,3,3,3,3,5,3,5,3,2,3,3,3,5,5,4,3,5,3,3,5,3,1,5,5,2,3,3,1,3,3,4,5,5,3,5,3,3,3,3,1,3,3,3,3,3,1,5,3,4,3,3,3,3,3,5,5,3,3,3,5,3,3,3,1,5,3,5,5,3,1,5,3,3,3,3,1,3,3,5,3,3,1,3,5,5,5,3,64,30,52,60,59,54
4,4,4,4,3,3,4,4,3,2,4,5,2,4,4,2,3,4,2,4,3,3,3,3,3,4,4,4,3,5,4,4,4,2,2,5,3,2,3,2,2,3,3,4,4,4,3,5,4,2,2,3,2,3,3,4,3,3,1,5,3,4,4,2,3,3,2,4,4,3,3,4,3,4,3,4,2,5,3,5,4,3,3,1,2,4,2,3,2,4,2,3,3,3,2,5,4,3,5,3,63,41,47,54,60,47
3,4,4,4,3,2,4,4,3,3,2,3,2,4,3,3,3,4,3,4,3,4,3,3,3,4,4,4,3,5,4,4,4,3,3,3,4,2,3,3,2,3,3,3,4,4,3,5,4,4,3,3,2,3,3,4,3,4,2,5,3,4,3,3,3,3,3,4,4,3,3,3,3,4,3,3,2,5,3,2,4,3,3,5,2,3,2,3,2,3,3,3,3,3,3,3,5,3,3,3,58,42,53,53,57,50
3,4,5,4,2,3,5,4,4,4,2,5,3,4,4,4,4,5,4,1,3,3,5,5,3,5,4,4,3,5,3,4,5,3,1,1,5,4,4,3,2,3,4,4,4,4,5,5,4,4,4,3,2,4,3,4,4,3,1,5,4,4,4,5,5,3,3,4,4,2,5,4,5,4,3,3,1,5,3,5,4,3,2,5,3,2,4,4,2,4,3,1,4,4,4,5,5,5,5,5,67,46,56,64,58,58
1,2,3,2,4,4,3,2,4,1,5,5,2,4,4,1,3,3,2,5,4,1,1,3,1,1,2,2,5,5,3,1,4,1,3,5,2,1,3,1,3,4,2,4,3,1,3,3,2,5,2,4,4,4,1,2,3,1,1,5,3,4,4,1,2,5,2,5,3,2,5,4,5,2,2,3,1,1,1,1,3,1,5,5,3,2,1,1,1,5,2,2,4,1,3,5,5,4,5,4,66,49,24,49,43,35
1,1,1,1,5,1,3,1,1,1,5,1,1,1,1,1,1,3,1,1,1,1,1,5,1,1,1,1,5,5,1,5,1,2,1,5,3,1,1,1,5,5,1,1,1,1,1,5,3,5,1,1,5,1,3,1,1,1,5,1,3,1,1,1,1,1,5,4,5,1,1,1,3,2,1,1,1,5,1,1,1,3,3,5,3,1,1,1,1,1,2,1,1,5,1,1,1,1,1,1,46,42,23,20,28,35
5,4,5,4,2,2,4,5,4,5,2,5,4,3,2,5,4,3,5,4,5,5,3,2,5,5,3,5,1,5,3,5,3,5,1,5,5,4,3,5,1,3,5,4,3,5,4,5,4,4,4,5,1,2,1,5,3,5,3,5,4,4,1,5,5,2,4,3,4,1,5,3,1,5,4,5,1,5,5,5,2,5,2,5,4,4,2,5,4,4,5,4,4,4,5,4,5,5,5,5,60,44,74,52,68,64
3,4,4,4,3,4,4,4,4,4,2,5,4,4,4,4,5,5,3,4,4,3,5,3,3,4,4,4,3,5,4,4,4,4,2,5,4,4,4,4,2,4,4,4,4,4,4,5,4,4,4,3,2,4,3,4,4,4,2,5,4,4,4,4,4,4,3,4,4,2,4,4,4,4,3,4,2,5,3,4,4,3,3,5,3,2,3,4,4,4,4,4,4,4,4,3,5,5,5,1,70,51,59,62,62,57
5,2,4,4,2,4,5,4,4,4,2,5,5,2,4,4,4,5,5,1,4,4,5,2,2,2,4,4,4,5,4,5,4,4,1,5,5,4,4,3,2,3,5,4,3,4,4,5,5,4,4,4,2,4,4,4,3,3,2,5,5,4,4,4,4,4,4,4,4,4,4,4,5,4,4,4,2,5,4,5,4,3,2,5,3,4,2,4,4,4,4,2,4,3,4,4,5,5,5,4,69,48,60,60,55,70
1,3,4,4,2,3,5,5,3,4,2,5,4,4,4,3,3,5,3,4,4,3,5,2,3,5,3,4,4,5,4,4,5,2,2,5,5,4,4,2,2,3,5,4,3,4,5,5,5,4,3,4,2,4,2,4,3,4,3,5,5,5,4,2,3,4,4,4,4,4,4,4,5,4,4,5,1,5,4,5,4,4,2,5,2,4,2,2,3,4,2,4,4,4,4,3,5,5,5,4,67,47,55,58,67,59
3,3,2,1,4,2,3,1,2,2,5,3,2,5,2,1,5,3,3,2,2,1,5,3,3,5,2,2,4,5,3,5,2,1,5,5,3,4,3,1,5,5,3,2,2,1,5,5,3,2,2,2,5,3,3,2,3,1,5,5,3,4,2,1,4,5,4,4,4,2,5,5,3,2,2,1,5,5,3,2,4,1,5,5,3,4,2,2,2,4,3,4,2,1,5,5,5,3,5,4,68,74,21,38,51,48
2,3,3,3,4,2,3,4,3,3,4,2,3,4,3,2,4,3,2,2,3,3,3,3,2,4,2,2,3,4,3,4,2,2,2,3,3,2,3,3,2,2,3,3,3,3,2,5,3,3,2,3,3,2,3,2,2,4,3,4,4,3,2,2,3,2,3,3,4,4,4,2,3,2,2,3,2,4,3,2,2,3,4,2,3,3,2,2,2,2,2,2,3,3,3,2,2,2,2,3,44,48,45,41,46,45
3,4,4,4,3,3,4,3,3,3,3,3,3,3,3,3,3,5,3,4,3,2,3,3,3,4,4,4,3,5,4,3,4,3,2,3,4,2,4,3,2,3,4,3,4,4,3,5,4,4,3,3,3,3,3,3,4,3,1,5,4,3,3,3,3,3,3,4,4,3,3,3,5,4,3,3,2,5,3,4,4,3,3,5,3,3,3,3,3,3,3,4,3,3,3,3,5,4,5,3,60,43,50,56,55,56
3,3,4,3,3,3,4,4,3,3,3,3,3,4,3,3,3,4,3,3,3,3,3,3,3,5,3,3,3,5,4,4,3,3,3,3,3,2,3,3,3,3,3,3,3,3,4,5,3,3,3,3,3,3,3,3,3,3,3,5,3,5,3,3,3,3,3,4,3,3,4,3,4,2,3,3,3,5,3,3,3,3,3,3,3,3,2,3,3,3,2,3,3,4,3,3,5,5,5,3,57,50,49,48,54,50
3,4,5,4,3,4,5,4,4,3,4,5,3,4,4,4,5,5,4,5,4,3,5,5,3,5,4,4,3,5,3,4,5,3,1,1,5,4,4,4,2,4,4,4,4,4,5,5,5,4,4,4,2,4,3,1,4,3,1,5,4,5,4,5,5,5,3,5,4,2,5,4,5,4,3,1,1,5,3,5,5,3,3,5,3,2,4,5,2,5,3,3,3,4,4,5,5,5,1,1,72,51,56,65,63,59
3,5,4,4,3,2,5,5,4,3,2,5,2,5,4,3,3,5,4,2,3,4,3,2,3,5,4,4,2,5,3,5,4,3,1,1,5,5,3,2,1,3,3,1,3,4,3,5,4,5,3,3,1,3,3,5,2,3,1,5,3,5,4,3,3,3,3,5,4,3,3,3,3,5,4,5,1,5,2,1,4,3,3,5,3,4,2,3,2,4,4,2,4,3,2,3,5,5,5,3,59,34,53,56,65,53
4,4,4,4,3,3,4,4,3,2,4,5,2,4,4,3,3,4,3,2,3,4,3,3,3,4,4,4,3,5,4,4,4,2,2,5,3,2,3,2,2,4,3,3,3,3,3,5,4,2,3,3,2,3,3,2,3,3,1,5,3,4,3,3,3,4,3,4,4,3,3,4,3,2,3,3,2,5,3,2,4,3,2,1,2,4,2,3,2,4,2,2,3,4,3,5,5,4,1,4,65,41,49,53,49,49
1,1,5,1,5,5,1,1,5,1,3,5,2,2,3,1,5,5,2,1,5,1,3,3,1,1,1,2,5,5,3,1,3,1,5,5,1,2,3,1,5,5,3,2,3,1,1,5,1,1,2,1,5,5,1,1,3,1,3,5,3,4,4,1,1,5,3,5,5,5,1,5,3,2,1,3,1,1,1,1,5,1,3,5,2,3,1,1,1,5,1,1,5,1,1,5,3,1,5,5,74,48,23,54,29,29
1,5,3,3,5,1,1,2,3,1,4,5,1,1,2,1,5,5,1,1,2,3,3,5,2,2,5,3,2,5,3,4,5,2,1,3,5,2,3,5,1,1,3,1,3,3,2,5,3,1,2,3,5,1,1,2,3,4,1,5,1,3,2,5,5,1,3,4,3,3,5,1,3,2,1,1,1,5,1,1,5,3,5,5,1,3,1,1,1,2,1,1,1,3,1,3,5,3,5,1,53,47,44,44,35,31
3,4,5,4,3,4,5,4,4,3,3,5,4,5,4,4,4,5,3,4,3,4,5,3,3,5,5,4,3,5,3,4,5,4,1,5,5,4,4,4,2,3,4,4,3,5,5,5,4,3,3,3,2,3,3,5,4,4,3,5,3,5,4,5,5,4,3,5,4,3,5,5,5,4,3,3,1,5,3,1,4,3,3,5,3,3,4,5,4,4,4,4,4,4,3,5,5,5,5,5,71,52,62,63,64,58
4,4,4,4,2,3,4,4,4,4,2,5,4,4,3,4,4,4,4,3,3,4,3,2,3,4,4,4,2,3,4,4,4,4,1,5,4,2,4,4,2,3,4,3,3,4,4,5,4,4,3,4,2,4,3,4,3,4,3,5,4,4,4,4,4,3,4,4,4,2,4,4,3,4,4,5,1,5,4,5,4,3,4,5,4,3,2,4,4,4,4,2,3,3,4,3,5,5,5,5,63,46,61,56,58,61
3,5,5,4,3,3,4,4,4,2,2,5,2,5,4,2,3,5,2,2,3,3,3,3,1,5,4,4,3,5,4,5,4,2,1,5,3,1,3,2,1,5,3,1,4,4,3,5,4,5,2,3,2,3,3,1,3,3,1,5,2,5,4,2,3,5,3,5,4,4,3,4,3,1,3,3,1,5,2,1,4,3,2,5,2,4,2,2,2,5,3,1,4,4,2,5,5,4,5,4,73,35,47,57,51,44
5,4,5,4,3,3,4,4,4,4,4,5,2,5,3,3,3,5,4,1,3,3,3,2,3,5,4,4,4,5,3,5,4,2,3,5,5,5,3,3,1,3,3,1,3,4,3,5,4,5,3,3,1,3,3,1,3,4,1,5,3,5,4,4,3,3,3,5,4,4,3,3,3,5,4,5,1,5,2,1,4,3,3,5,4,4,2,3,4,3,3,1,4,4,3,3,5,5,1,3,63,43,57,57,57,54
3,4,5,4,2,4,5,4,3,4,2,5,4,4,4,4,4,5,4,4,3,4,5,5,3,4,4,4,3,5,4,4,5,4,2,1,4,4,4,4,2,3,4,4,4,4,5,5,4,3,4,4,2,4,3,4,4,4,2,5,4,5,4,5,5,5,3,5,4,2,4,4,4,4,3,5,1,5,3,1,4,3,2,5,4,2,4,4,2,4,4,4,4,4,4,5,5,5,1,1,70,47,63,63,60,60
1,1,1,5,3,5,1,1,1,1,1,1,1,1,1,1,1,1,1,1,1,1,1,5,1,1,1,1,5,5,1,5,1,1,1,1,1,1,1,1,1,1,1,1,1,1,1,5,1,1,1,1,5,5,1,1,1,5,5,1,1,1,1,1,1,1,5,4,5,1,1,1,1,1,1,1,1,1,1,1,1,1,1,1,1,5,1,1,1,1,1,1,1,4,1,1,1,1,1,1,36,30,27,20,27,20
5,5,4,4,2,3,4,5,4,2,2,5,1,5,4,2,1,4,5,1,4,4,3,2,2,5,3,4,5,5,3,5,3,2,1,5,2,5,3,2,1,3,2,1,3,4,3,5,4,1,3,5,1,3,5,1,2,4,1,5,2,5,4,2,2,5,2,5,4,5,3,3,3,1,3,5,1,5,2,1,4,4,2,5,2,4,2,2,1,5,4,1,4,3,2,5,3,4,5,3,68,31,54,54,51,48
2,4,4,4,3,3,5,4,3,4,2,5,4,4,4,3,4,4,2,4,4,3,5,2,2,4,3,4,4,5,4,4,4,3,2,5,5,4,4,3,2,4,4,4,3,4,4,5,4,4,4,4,2,4,4,4,4,4,3,5,4,4,4,4,4,4,4,4,3,4,4,4,5,4,4,4,2,5,3,4,4,3,4,5,3,3,2,3,4,4,3,4,4,4,4,4,5,4,5,4,68,53,58,58,63,58
1,3,3,3,4,3,3,2,4,1,4,5,2,4,4,1,4,4,2,3,4,2,3,3,1,5,4,2,5,5,3,2,5,2,3,3,2,2,3,1,3,5,2,4,3,2,3,5,2,3,2,3,4,3,2,2,3,1,3,5,3,4,4,4,2,4,3,4,4,2,5,4,5,2,2,3,1,5,1,4,5,1,5,5,3,3,1,2,1,4,1,1,4,2,3,5,5,4,3,4,68,53,32,55,48,36
3,4,3,4,3,2,4,5,3,3,2,5,2,5,3,3,3,5,3,5,3,4,3,2,3,5,4,4,3,5,3,5,4,3,2,5,4,2,3,2,1,3,3,2,4,3,3,5,4,5,3,3,2,3,3,1,3,3,1,5,3,5,4,2,3,3,3,5,4,3,3,3,3,5,3,5,1,5,4,1,4,3,2,1,3,4,2,3,2,3,4,1,3,3,3,3,5,5,1,3,58,37,51,53,60,52
3,3,1,1,3,1,3,3,2,3,4,5,4,3,3,1,5,3,4,2,2,1,3,3,3,3,1,3,5,3,3,4,1,2,4,5,3,4,3,1,5,5,3,3,1,1,5,3,3,3,2,3,4,3,3,2,1,1,5,5,3,4,2,3,4,3,3,4,3,5,4,3,3,2,2,2,3,1,3,3,1,3,5,5,3,3,2,3,3,5,4,2,1,3,5,3,5,3,5,3,56,67,36,28,48,51
3,3,5,4,3,3,4,3,3,3,3,3,3,3,3,3,3,5,3,4,3,3,3,3,3,5,4,4,3,5,4,3,5,2,1,3,5,2,5,3,1,3,4,3,4,5,3,5,5,3,3,3,3,3,3,3,5,2,1,5,3,4,4,3,3,3,3,5,5,3,3,3,5,4,3,3,1,5,3,5,5,3,3,5,3,3,3,3,3,3,3,4,3,3,2,3,5,5,5,3,60,39,50,63,57,57
3,5,5,4,3,3,3,5,4,3,2,5,2,4,1,2,1,5,2,1,3,4,3,3,1,5,4,4,2,5,3,5,4,3,1,5,3,1,3,1,1,5,3,5,3,3,3,5,3,5,3,3,2,3,3,1,3,3,1,5,3,5,3,2,3,5,3,5,4,5,3,3,3,1,3,5,1,5,2,1,4,3,3,5,2,4,2,3,1,5,3,1,3,3,3,5,5,3,5,3,72,33,51,52,54,42
3,3,4,4,3,4,4,4,3,3,3,5,4,2,4,3,4,4,4,2,4,3,4,3,3,2,3,4,4,5,4,4,4,3,2,4,5,2,4,3,2,4,4,3,3,4,4,5,4,3,3,3,2,4,2,4,3,3,3,5,4,3,4,3,4,4,4,4,4,3,4,4,4,3,3,4,2,5,3,4,4,3,3,5,3,3,2,4,3,4,3,2,4,3,4,4,5,4,5,4,69,51,53,56,48,58
3,4,4,4,3,2,4,4,4,2,2,5,2,5,4,2,3,5,2,1,3,4,3,2,3,5,4,4,3,5,3,5,4,3,1,5,3,1,3,2,2,3,4,3,3,3,3,5,5,1,3,3,2,3,3,5,3,4,1,5,3,5,4,2,3,3,3,5,4,3,3,3,3,5,3,5,1,5,2,1,4,4,2,5,2,3,3,3,2,4,2,1,3,3,2,4,5,4,5,4,64,36,51,56,54,47
3,3,3,3,3,3,3,3,3,3,3,3,3,3,3,3,3,3,3,3,3,3,3,3,3,3,3,3,3,3,3,3,3,3,3,3,3,3,3,3,3,3,3,3,3,3,3,3,3,3,3,3,3,3,3,3,3,3,3,3,3,3,3,3,3,3,3,3,3,3,3,3,3,3,3,3,3,1,3,3,3,3,3,3,3,3,3,3,3,3,3,3,3,3,3,3,3,3,3,3,46,48,48,48,48,48
1,4,4,3,4,1,4,4,5,1,5,5,1,5,2,1,5,5,1,1,4,2,5,3,1,5,5,3,3,5,3,5,3,2,1,5,1,1,2,5,1,1,4,4,3,4,4,5,2,2,2,5,4,2,1,2,3,4,1,5,2,5,2,5,5,2,2,4,4,3,3,1,1,2,3,1,1,5,1,5,4,2,4,5,1,2,1,5,1,2,1,1,3,3,1,1,3,5,5,5,53,48,49,50,52,27
5,2,5,3,4,3,3,2,4,1,4,5,2,4,4,1,4,4,4,4,4,1,5,3,4,1,4,2,5,5,2,1,5,2,3,5,1,4,3,2,3,4,3,3,3,2,4,5,1,5,2,3,4,2,5,2,3,2,3,5,3,4,4,2,2,5,2,5,3,2,5,4,5,2,2,3,1,5,2,2,5,1,4,5,3,2,4,2,2,5,1,4,4,1,2,4,5,4,5,4,69,55,30,59,47,46
2,2,4,4,4,2,4,2,4,2,3,5,1,2,4,3,3,3,2,2,3,2,5,3,1,2,3,3,1,4,3,1,3,2,1,3,3,2,3,2,4,4,4,2,3,3,3,4,3,2,3,3,2,3,2,2,3,2,3,5,3,2,2,3,4,3,4,2,3,3,3,1,5,2,2,3,1,1,2,2,3,3,3,5,4,2,2,2,3,4,4,1,3,2,3,3,4,3,3,4,53,46,42,48,30,47
2,2,4,2,4,3,3,2,4,1,4,5,2,3,4,1,4,4,4,4,4,1,5,3,2,1,3,2,4,5,3,1,5,2,3,5,3,4,3,1,2,5,3,3,3,2,4,5,3,3,2,3,3,4,1,2,3,1,3,5,4,4,4,1,2,5,3,4,3,2,5,4,5,2,2,2,1,5,3,4,5,1,4,5,4,3,2,1,1,4,3,4,4,1,2,5,5,3,5,4,72,51,24,55,46,48
1,1,3,1,3,3,3,1,3,1,3,3,2,4,3,1,3,4,2,4,3,1,3,3,5,1,4,3,4,5,3,1,5,1,3,5,1,2,3,1,2,5,3,3,3,1,3,5,3,3,3,3,5,3,1,2,3,1,3,5,3,4,4,1,1,5,3,5,3,1,3,1,3,2,2,3,1,5,5,2,5,3,3,5,3,3,2,1,1,5,1,5,4,1,1,3,5,3,5,2,65,42,24,53,43,42
3,3,5,4,3,5,5,3,3,3,3,5,3,4,4,3,4,5,4,5,3,3,5,3,3,5,4,4,3,5,3,3,5,4,3,5,5,4,4,4,2,3,4,4,4,5,5,5,5,3,4,3,3,3,3,5,4,3,3,5,3,5,4,5,5,4,3,5,5,2,5,5,5,4,5,5,1,5,3,1,4,3,3,5,3,3,4,5,3,5,3,4,3,3,4,5,5,5,5,1,73,55,59,65,61,58
5,2,4,4,2,2,4,5,4,1,2,5,1,2,2,5,2,5,1,4,4,5,3,1,4,2,2,4,1,4,4,5,4,5,1,5,5,2,3,5,1,3,5,4,3,5,4,5,3,4,4,4,1,2,5,1,3,5,1,5,4,4,2,5,4,2,4,4,4,2,3,3,2,4,4,5,1,5,4,5,2,5,2,5,4,2,2,5,4,4,1,2,4,3,4,4,5,5,5,5,60,36,68,51,52,56
3,3,4,3,4,2,4,4,3,3,4,5,4,4,3,2,4,4,3,4,3,2,4,3,4,4,2,3,4,5,3,4,3,3,3,5,3,4,4,2,3,4,4,3,3,1,4,5,3,3,2,3,3,4,4,3,3,3,3,5,3,4,2,3,4,3,4,4,2,3,4,3,3,2,2,3,2,1,4,4,4,2,4,5,4,4,2,3,3,4,4,4,2,4,3,4,4,4,5,4,62,56,43,44,58,57
3,4,4,4,2,4,5,3,4,3,2,5,4,4,3,4,4,5,4,4,3,3,5,3,3,4,5,4,2,5,3,3,5,4,3,5,5,4,4,3,2,5,4,4,4,4,5,5,4,3,4,3,2,4,3,4,5,3,3,5,4,5,4,4,5,4,3,5,4,3,4,4,5,4,3,3,1,5,3,1,4,3,3,5,3,2,4,5,3,5,4,4,4,4,3,4,5,5,5,1,73,49,57,64,58,60
3,4,5,4,2,4,5,4,3,3,2,5,3,4,4,3,4,5,4,4,3,3,5,5,3,4,5,4,3,5,4,4,5,4,1,3,5,4,4,3,2,4,4,4,4,5,5,5,4,3,4,3,3,3,3,4,4,3,1,5,3,5,4,4,5,5,3,5,5,3,4,5,5,3,3,3,1,5,3,5,5,3,2,5,3,3,4,5,2,5,3,4,3,4,3,5,5,5,5,5,74,45,57,65,64,58
3,3,4,4,3,3,4,3,3,3,3,5,3,3,3,3,3,5,3,4,4,3,3,3,3,4,4,4,3,5,4,3,4,3,2,5,5,2,4,3,2,3,4,3,3,4,3,5,4,3,3,3,3,3,3,3,4,3,1,5,4,3,4,3,3,3,3,4,4,3,3,3,5,3,3,3,1,5,4,4,4,4,3,5,3,3,3,3,3,3,3,2,3,3,3,5,5,4,5,3,66,42,52,57,50,58
4,4,5,4,2,4,5,4,3,4,2,5,4,4,4,4,5,5,4,4,3,4,5,3,4,4,4,4,3,5,4,4,4,4,2,5,5,4,4,4,2,3,4,4,4,5,5,5,4,3,4,3,2,4,3,4,4,4,3,5,4,4,4,5,5,4,3,4,4,2,5,4,5,4,3,5,1,5,4,5,4,3,2,5,3,2,4,5,4,4,4,4,4,4,4,4,5,5,1,1,70,52,64,62,62,64
5,4,5,4,3,3,4,5,4,3,2,5,2,5,3,2,3,5,4,1,3,3,3,2,1,5,4,4,5,5,4,5,4,2,2,1,3,1,3,2,1,4,2,1,4,4,3,5,4,1,2,3,3,3,3,1,3,3,1,5,3,5,3,2,3,4,2,5,4,4,3,3,3,1,3,3,1,5,3,1,4,3,2,1,2,4,2,2,2,5,3,1,2,4,2,3,5,3,5,3,59,39,48,53,46,48
2,2,4,3,4,2,4,5,4,4,4,5,4,2,4,2,5,5,4,1,4,2,5,3,1,2,4,3,4,5,3,4,5,3,1,4,5,2,4,5,2,1,5,2,3,4,5,5,3,1,2,3,2,4,1,2,4,4,3,5,4,2,2,5,4,1,5,4,3,3,5,1,3,2,2,4,2,5,2,4,4,2,5,5,4,2,1,5,4,1,2,1,4,4,4,4,5,5,5,4,56,59,56,54,38,52
3,4,3,2,5,2,4,5,2,1,5,3,5,5,2,1,5,3,4,1,2,3,5,3,5,1,2,2,4,4,3,5,3,2,5,3,3,2,2,3,4,5,4,1,2,1,5,5,3,2,1,2,5,2,3,2,3,3,5,5,4,4,1,2,5,2,4,3,3,2,5,2,3,2,2,2,4,5,3,3,3,1,5,4,3,4,1,2,2,3,3,1,1,5,5,2,5,3,5,4,53,74,34,33,45,57
2,3,2,3,4,1,3,4,2,2,3,3,2,3,2,2,4,4,2,2,2,2,3,3,1,3,2,2,3,4,3,4,2,2,2,3,4,2,3,2,2,2,3,2,2,2,3,5,3,4,2,2,4,2,2,2,2,3,1,1,3,3,2,2,3,1,4,3,4,4,3,1,3,2,2,3,1,4,2,2,2,3,4,2,3,3,2,2,2,2,2,2,3,4,2,2,3,2,3,3,40,44,40,36,44,42
1,1,2,5,5,1,3,5,1,1,3,1,1,1,1,1,5,5,1,1,1,1,1,5,1,5,1,1,1,5,3,5,2,3,1,1,3,2,1,1,1,1,1,1,5,1,1,5,3,1,1,1,5,1,1,1,1,5,1,5,1,1,1,1,1,1,5,1,5,1,1,1,1,1,1,1,1,5,1,1,5,5,3,1,2,5,1,1,1,1,1,1,1,1,1,1,1,1,1,1,40,32,30,30,33,29
1,4,5,3,4,2,3,2,3,1,4,5,1,5,4,3,5,5,1,1,3,4,3,3,1,5,4,3,3,5,3,3,5,2,1,5,1,1,3,1,1,3,2,2,3,3,3,5,2,2,2,3,5,3,1,2,4,4,1,5,2,4,2,5,5,2,3,4,4,3,3,1,3,2,2,3,1,5,1,1,5,2,3,5,2,3,2,3,2,3,1,1,3,3,3,3,5,5,5,3,60,47,46,54,42,28
4,4,4,4,3,2,4,3,4,3,2,5,3,4,4,4,4,5,3,4,4,3,4,3,3,4,4,4,3,5,4,3,4,3,2,5,4,3,4,4,2,4,4,4,4,4,4,5,4,3,4,3,2,2,4,4,4,3,2,5,4,4,4,4,4,4,3,4,4,2,4,4,4,4,3,4,2,5,4,4,4,3,2,5,3,2,4,4,3,4,4,4,4,4,3,4,4,4,5,4,67,46,56,63,58,59
1,5,5,3,5,1,1,2,3,1,5,5,1,1,1,1,5,5,1,1,2,4,1,3,1,5,5,3,1,5,1,5,4,5,1,5,1,1,1,1,1,1,1,2,5,3,1,5,1,1,1,3,5,1,1,2,3,5,1,5,2,3,1,5,1,1,1,5,5,3,5,1,1,2,1,3,1,5,1,1,5,1,5,5,1,2,1,5,1,1,1,1,1,1,1,1,3,4,5,1,50,40,47,44,39,17
2,3,4,3,4,2,2,3,4,1,3,5,2,3,4,1,3,5,2,2,4,2,2,3,1,4,4,2,3,5,3,3,5,2,2,5,2,2,3,2,2,5,2,3,4,2,2,5,3,5,2,3,4,3,1,2,3,2,1,5,2,4,2,2,2,5,2,4,3,4,2,2,3,2,2,3,1,1,2,1,4,2,3,5,3,2,2,2,1,4,1,2,4,3,3,3,4,3,4,4,63,38,36,54,45,33
2,2,3,2,4,3,3,2,4,2,4,5,2,4,4,1,4,4,4,4,4,2,4,3,3,2,2,2,4,5,3,2,4,2,2,5,2,2,3,2,4,3,3,4,3,2,3,5,2,4,2,3,4,4,2,2,3,2,3,5,3,4,4,2,2,5,3,4,3,2,4,4,5,2,2,3,2,5,3,4,4,1,5,1,4,3,2,2,1,4,4,4,4,2,3,3,5,4,5,4,64,53,32,51,49,48
3,3,2,2,4,2,3,4,3,2,5,5,4,4,3,1,5,3,3,3,3,2,5,3,3,5,1,2,4,4,3,4,4,2,4,5,2,3,2,1,4,5,3,2,2,1,4,5,3,2,3,3,4,4,3,2,3,2,3,5,3,4,2,2,3,4,3,4,3,3,4,3,3,2,2,2,3,5,3,3,4,1,5,5,3,4,2,2,2,4,3,4,2,3,5,4,5,3,5,4,66,64,31,41,53,48
2,4,4,3,4,2,4,3,4,3,4,4,2,4,3,2,4,4,2,2,4,3,3,3,2,4,4,3,3,5,3,4,4,2,2,4,2,2,3,3,2,3,3,2,3,3,2,4,2,3,2,3,3,2,2,2,3,4,1,5,2,4,2,2,3,2,2,4,3,3,3,4,3,2,2,3,2,5,3,4,4,2,4,5,3,4,2,3,2,3,2,2,3,3,3,4,4,4,4,4,59,45,45,50,50,39
3,4,4,4,3,2,4,5,3,2,4,3,2,5,3,3,3,5,3,1,3,4,3,3,3,5,4,4,3,5,4,5,4,2,2,5,4,1,3,2,1,4,3,2,4,4,3,5,4,5,3,3,2,3,3,2,3,3,1,5,3,4,4,3,2,4,3,5,4,3,3,3,3,5,3,3,1,5,2,1,4,3,3,5,3,4,3,3,2,4,4,1,2,3,2,3,5,4,1,3,64,38,49,54,55,51
1,1,1,5,5,1,3,5,1,1,1,1,1,1,1,1,1,5,1,1,1,1,2,5,2,1,1,1,5,5,3,5,1,1,1,5,3,1,1,1,1,1,1,2,5,1,1,5,1,1,1,1,5,1,1,1,1,5,1,1,5,1,1,1,1,1,5,1,5,1,3,1,3,2,1,1,1,1,1,1,1,1,5,1,1,5,1,1,1,1,1,1,1,1,1,1,1,1,1,1,36,35,24,24,30,33
1,1,5,1,5,1,4,2,4,3,4,5,1,1,2,1,5,5,2,1,3,2,5,5,1,1,3,3,5,5,3,1,3,2,1,5,5,1,4,5,5,1,5,1,3,2,5,5,1,1,2,3,5,1,1,1,4,4,3,5,5,2,1,5,5,1,5,5,3,1,5,1,5,1,2,2,1,1,1,1,4,2,5,5,4,1,1,5,2,1,1,1,2,2,3,1,5,4,5,4,48,64,43,46,22,45
3,4,5,4,2,5,5,4,3,4,2,5,4,5,4,4,5,5,4,1,4,3,5,5,3,5,5,5,3,5,3,4,5,4,1,1,5,4,4,3,2,3,4,4,4,4,5,5,5,5,4,5,2,4,3,4,3,3,1,5,3,5,4,5,5,4,3,5,5,3,5,5,5,4,3,5,1,5,3,1,5,3,2,5,3,3,3,4,2,4,4,1,4,4,4,5,5,5,5,5,71,47,63,65,59,60
4,4,5,5,2,2,4,5,4,4,2,5,4,2,4,1,5,3,5,4,4,5,3,2,3,5,4,5,2,3,4,5,5,5,1,5,5,1,3,5,1,3,5,4,4,5,4,3,4,4,3,5,2,2,5,1,3,5,1,5,4,4,4,5,5,2,4,4,3,1,5,4,3,4,4,5,1,5,4,5,4,5,2,5,4,2,4,5,3,4,5,2,4,3,4,4,5,5,5,5,57,43,69,62,56,67
5,2,4,5,1,2,4,5,4,1,1,5,5,2,4,4,2,4,5,2,3,5,3,2,5,2,2,5,1,4,3,5,4,5,1,5,5,2,4,5,1,3,5,4,3,5,4,3,3,4,3,3,1,1,5,5,3,5,3,5,4,3,2,5,3,2,4,2,4,1,3,4,3,4,4,5,1,5,4,5,2,5,1,5,4,3,2,5,3,4,4,2,4,2,5,3,5,5,5,3,57,34,66,52,52,68
2,2,5,3,4,2,4,4,4,3,4,5,4,2,3,4,4,4,4,2,4,3,5,3,2,2,3,3,3,5,4,2,4,3,2,4,4,2,4,3,3,4,5,2,3,3,4,4,3,2,2,3,2,3,2,2,3,4,2,5,4,2,2,3,5,3,4,3,3,3,5,2,5,2,2,3,2,5,2,4,4,2,4,5,3,2,2,4,3,4,3,2,3,4,3,3,5,5,5,4,61,55,51,51,37,55
1,5,4,3,5,1,2,2,1,1,5,5,1,5,1,1,5,5,1,1,2,2,2,3,1,5,5,2,5,5,2,4,5,1,1,5,5,2,2,1,1,2,1,4,5,2,2,5,1,5,1,3,5,1,1,2,1,3,1,5,2,5,1,1,1,5,2,5,5,1,2,1,1,2,1,3,1,5,1,1,2,1,5,5,1,3,1,1,1,5,1,5,2,1,1,1,1,3,5,1,59,43,27,39,56,24
3,3,5,5,3,3,5,3,3,3,3,3,3,3,3,3,3,5,3,5,3,2,3,3,3,5,5,4,3,5,3,3,5,3,1,3,5,2,5,3,1,3,4,3,5,4,3,5,4,3,3,3,1,3,3,2,5,3,1,5,3,4,4,3,3,3,3,5,5,3,3,3,5,3,3,3,1,5,3,5,5,5,3,5,3,3,3,2,1,3,3,4,3,3,1,3,5,5,5,3,60,34,52,65,56,56
4,4,4,4,3,4,4,4,4,4,2,5,4,4,4,4,4,5,3,4,3,3,5,3,3,4,4,4,3,5,4,3,4,4,2,5,4,4,4,4,2,3,4,4,4,4,4,5,4,4,4,3,2,4,4,4,4,4,3,5,4,4,4,4,4,4,3,4,4,2,4,4,4,4,3,4,1,5,3,4,4,3,3,5,3,3,4,4,4,4,3,4,3,4,4,4,5,4,5,1,70,50,59,61,62,58
2,2,4,2,4,3,4,2,4,3,4,4,3,2,4,3,4,3,4,2,4,2,3,3,2,2,3,3,4,5,3,2,4,2,2,3,3,2,3,3,3,4,4,2,3,2,3,4,3,2,3,3,3,3,2,2,3,3,3,5,3,2,2,3,4,4,4,2,3,3,4,2,5,2,2,3,3,5,2,2,3,3,4,4,3,2,2,2,3,4,2,2,3,2,3,3,4,4,4,4,59,54,42,50,32,49
5,4,5,5,2,2,4,5,4,4,2,5,1,2,3,1,4,5,4,4,3,5,3,2,5,5,4,5,2,4,4,4,5,5,1,5,5,4,4,5,1,3,5,4,4,5,3,5,4,3,3,3,1,3,5,5,3,5,3,5,4,4,4,5,5,3,4,4,5,1,4,3,3,4,4,5,1,5,4,1,4,5,3,5,4,3,4,5,4,4,4,4,4,3,4,3,5,5,5,5,62,43,67,63,60,65
1,1,2,4,3,2,2,4,2,1,3,1,1,3,2,1,1,1,1,2,2,2,1,5,1,1,1,2,5,5,3,4,2,2,1,2,1,1,2,2,1,1,2,4,2,2,2,5,1,4,1,1,5,4,1,1,1,5,1,1,3,3,1,2,3,1,4,3,5,4,3,1,3,1,1,1,1,5,1,1,2,2,3,1,2,3,1,2,1,1,1,1,2,4,1,1,2,1,1,1,37,35,37,29,37,28
1,2,5,2,5,3,3,1,4,1,5,5,2,4,3,1,5,5,2,4,5,1,5,3,1,5,5,2,5,5,3,1,3,1,2,5,1,2,4,1,4,5,3,4,3,1,5,5,2,4,2,3,5,1,2,2,3,1,3,5,3,4,4,1,1,4,4,5,3,1,5,4,5,2,2,2,1,5,2,1,5,1,5,5,3,4,5,1,1,5,3,1,4,1,2,5,5,3,5,4,70,59,21,60,46,40
5,2,5,4,2,2,5,5,4,4,2,5,5,2,4,2,4,5,1,1,3,4,5,2,4,2,4,4,3,5,4,4,5,4,1,5,5,2,4,4,2,4,5,2,4,5,5,5,4,2,3,4,2,4,1,4,4,4,3,5,5,4,4,5,5,4,5,4,4,2,5,4,5,4,3,4,1,5,3,1,4,4,2,5,2,4,2,4,4,4,4,1,3,4,5,4,5,5,5,4,68,51,62,60,44,63
2,2,5,3,4,2,4,4,4,4,4,4,4,2,2,4,4,4,4,2,4,2,5,3,2,2,4,3,3,5,3,2,4,2,2,4,4,2,4,3,2,2,4,2,3,3,4,4,4,2,2,3,2,2,2,2,4,4,2,5,4,2,2,3,4,2,4,4,3,3,5,2,4,2,2,4,1,5,2,2,4,3,4,3,4,2,2,3,3,2,2,2,2,4,3,3,5,4,4,3,52,52,51,51,36,53
3,3,2,2,4,2,3,4,3,4,5,4,4,3,2,3,5,3,4,1,2,2,5,3,3,1,2,2,3,4,3,5,3,2,2,3,4,2,3,3,4,3,5,2,2,1,5,5,3,4,2,3,4,4,3,2,3,4,3,5,3,4,2,3,4,2,4,3,4,2,4,2,3,2,2,2,3,1,4,4,2,2,5,4,3,3,2,4,3,2,3,1,2,4,5,3,5,3,5,4,50,64,43,38,44,55
1,5,5,3,5,1,1,2,3,1,5,5,1,5,1,1,5,5,1,1,3,2,1,5,1,5,5,3,5,5,1,1,5,1,1,5,1,1,1,1,1,1,1,5,5,3,1,5,1,5,1,3,5,1,1,5,1,5,1,5,1,5,1,1,1,5,1,5,5,3,1,1,1,2,1,1,1,5,1,1,5,1,5,5,1,3,1,1,1,3,1,5,1,1,1,5,3,5,5,1,62,40,31,44,56,16
3,4,5,4,2,4,5,4,3,4,2,5,3,4,4,4,5,5,3,4,4,3,5,5,3,5,5,5,3,5,4,4,5,4,1,5,5,4,1,4,2,3,4,4,4,5,5,5,4,4,4,3,2,2,4,4,5,3,1,5,4,5,4,5,5,4,3,5,5,2,5,5,5,4,3,5,1,5,3,5,5,3,2,5,3,2,4,5,3,5,3,4,4,4,4,5,5,5,5,5,73,48,63,65,66,59
3,4,5,4,2,1,5,4,4,4,2,5,3,4,4,4,4,5,3,4,3,4,5,3,3,5,5,4,2,5,3,4,5,4,2,5,5,4,4,4,2,3,4,4,4,5,5,5,4,3,4,3,3,2,3,5,5,4,1,5,4,4,4,5,5,4,3,5,4,2,5,3,5,4,3,3,1,5,3,1,4,3,2,5,3,3,4,5,4,5,4,4,4,4,4,3,5,5,1,1,64,49,62,66,62,58
2,2,3,1,4,4,3,1,3,1,4,3,2,1,3,1,4,5,2,3,4,1,5,3,2,4,4,2,4,5,1,1,5,2,2,5,1,4,3,1,2,5,3,3,4,1,4,5,1,3,2,3,4,4,1,2,3,1,3,5,3,4,2,1,1,5,1,5,3,1,5,4,5,2,3,3,1,5,2,4,5,1,3,5,3,3,1,1,1,5,2,4,2,3,2,5,5,3,5,4,73,49,24,50,46,34
3,4,3,2,4,2,4,4,2,3,4,5,4,4,2,2,4,4,3,3,2,2,3,3,3,5,2,3,4,4,3,4,3,2,4,5,3,3,3,2,3,4,4,2,3,1,4,5,3,2,2,3,3,2,3,2,3,3,4,5,3,4,2,3,4,3,4,4,3,2,4,3,4,2,2,2,2,5,4,4,4,2,4,5,3,4,2,3,2,4,4,2,2,4,4,4,5,5,5,4,63,57,39,40,53,55
4,5,5,4,3,3,4,5,3,2,2,5,2,5,4,3,2,5,2,1,3,4,3,3,2,5,4,4,5,5,4,5,4,2,1,1,4,1,3,2,1,4,3,1,4,4,3,5,5,1,3,3,2,4,3,1,4,3,1,5,3,5,4,2,2,4,2,5,4,4,3,4,3,1,4,5,1,5,2,1,4,3,2,1,2,4,2,2,2,4,4,2,4,4,2,4,5,3,1,3,62,35,51,59,48,49
3,4,4,2,4,2,3,1,4,1,4,5,2,4,4,1,5,5,4,4,3,2,5,3,3,1,5,2,4,5,3,1,5,1,3,5,3,4,4,1,4,5,3,3,3,1,5,5,3,4,2,3,5,5,1,2,3,1,3,5,3,4,4,2,2,5,3,4,2,1,5,4,3,2,2,2,1,5,3,4,5,1,5,5,3,2,2,1,2,5,1,2,4,2,3,5,5,4,5,4,74,60,24,56,46,44
2,5,5,4,3,3,4,5,4,3,2,5,2,5,4,2,3,5,2,1,4,4,3,4,2,5,4,4,3,5,3,5,4,2,1,5,3,1,3,1,1,5,2,2,3,3,3,5,4,1,2,3,2,3,3,1,3,3,1,5,3,5,4,2,2,5,2,5,4,2,3,5,3,5,4,5,1,5,2,1,4,3,2,5,2,4,2,2,2,5,3,1,3,3,2,5,5,4,3,4,75,34,46,57,52,42
5,4,4,4,1,2,4,5,3,5,1,5,1,1,2,4,2,5,5,4,5,5,1,1,3,5,2,4,1,4,4,5,3,5,1,5,5,2,2,4,1,3,5,4,3,5,3,3,3,4,3,5,1,5,1,5,2,5,3,5,4,4,2,5,4,1,4,2,4,1,4,4,1,4,4,5,1,5,3,5,2,5,1,5,3,3,2,4,4,5,4,2,5,3,4,3,3,5,5,5,61,33,69,48,59,55
1,3,1,5,4,1,3,5,1,1,1,1,1,5,1,1,1,1,1,1,2,2,1,5,1,1,1,1,5,5,5,5,3,2,1,2,5,1,3,3,1,1,2,2,5,1,1,5,3,1,1,1,5,1,1,1,2,5,1,1,3,5,1,2,1,1,5,4,5,1,1,1,3,1,2,1,1,5,1,1,1,3,5,1,1,5,1,1,1,1,1,1,1,2,1,1,1,1,1,1,33,31,32,31,42,37
5,4,5,4,1,2,4,5,4,5,1,5,1,3,4,5,2,3,4,4,5,5,3,2,5,5,3,5,4,3,3,5,5,5,1,5,4,4,3,5,1,3,5,4,3,5,4,3,3,5,3,5,1,2,1,5,3,5,3,5,4,4,2,5,5,3,4,4,3,1,5,3,1,4,4,5,1,5,4,5,2,5,1,5,4,3,2,5,4,3,5,5,5,5,5,3,5,5,5,5,55,42,75,56,69,57
4,4,4,4,3,3,4,4,3,2,4,5,2,4,3,4,3,4,3,4,3,4,3,3,3,4,4,4,4,5,4,4,4,2,3,5,4,2,3,3,2,4,3,4,3,4,3,5,4,2,3,3,3,3,4,4,3,3,2,5,3,4,4,3,3,4,3,4,4,3,3,4,3,2,3,5,2,5,3,5,4,3,3,1,3,3,2,4,2,4,4,4,4,4,3,5,5,3,5,3,65,46,55,54,58,54
4,2,4,4,2,2,4,5,4,1,2,5,1,2,2,4,2,3,4,4,4,5,3,2,4,2,2,4,1,4,3,5,3,5,1,5,4,2,2,5,1,4,5,4,3,5,4,3,3,4,3,4,1,4,5,1,3,5,3,5,4,4,2,5,5,2,4,4,3,2,4,3,1,4,2,5,1,5,4,5,2,5,2,5,4,2,2,5,4,4,4,2,4,2,4,3,3,5,5,4,59,40,66,45,52,58
