"item1","item2","item3","item4","item5","item6","item7","item8","item9","item10","item11","item12","item13","item14","item15","item16","item17","item18","item19","item20","item21","item22","item23","item24","item25","item26","item27","item28","item29","item30","item31","item32","item33","item34","item35","item36","item37","item38","item39","item40","item41","item42","item43","item44","item45","item46","item47","item48","item49","item50","item51","item52","item53","item54","item55","item56","item57","item58","item59","item60","NA","NA","NA","NA","NA"
2,5,4,2,5,2,1,5,2,5,5,5,4,1,4,4,5,2,2,2,2,5,4,2,1,4,4,4,5,5,4,5,4,2,4,2,5,3,2,4,4,5,4,2,4,2,5,5,2,5,5,1,4,1,4,5,1,4,1,4,41,47,47,24,47
2,4,4,2,4,4,5,4,2,2,4,4,4,2,4,4,4,2,4,4,4,4,4,2,4,4,4,2,2,4,4,4,2,2,2,4,4,4,2,3,4,4,4,2,4,2,4,4,4,4,4,4,5,2,2,4,4,2,2,2,44,49,41,28,39
2,5,4,2,4,3,5,4,2,5,4,4,4,2,4,2,5,4,2,2,2,5,4,2,4,4,4,4,2,5,4,5,4,2,3,4,5,4,2,4,3,4,4,2,4,2,5,5,2,4,5,5,5,2,4,5,4,4,2,4,40,56,50,24,47
5,3,4,4,5,5,3,5,2,4,5,5,2,1,4,5,5,2,2,2,4,5,5,2,1,5,3,2,3,5,5,3,2,2,4,5,5,3,1,2,4,5,3,4,5,4,5,5,4,5,5,3,4,1,1,5,3,4,2,3,57,48,41,28,41
2,4,5,3,2,2,5,5,2,3,4,5,4,2,2,2,5,2,3,2,2,5,4,2,2,4,4,4,2,4,3,4,3,2,2,2,5,4,2,3,2,5,4,2,4,2,5,5,3,5,4,5,3,1,4,3,4,4,1,2,32,56,47,25,35
2,5,4,2,5,4,5,5,2,4,4,5,5,2,5,4,5,4,4,4,2,5,4,2,4,4,4,4,2,5,4,5,4,4,5,4,5,5,2,4,3,4,5,2,4,2,5,5,2,4,5,5,5,2,4,4,4,4,2,4,42,57,54,28,52
2,4,4,3,5,3,5,5,2,5,5,5,4,2,4,4,5,2,2,4,2,5,4,2,5,5,4,4,2,5,4,4,2,2,4,4,5,4,2,4,4,4,4,2,4,2,5,4,3,5,5,4,4,1,5,5,4,4,2,4,45,54,45,25,54
2,4,2,4,5,2,4,2,3,3,4,5,4,3,3,4,5,4,4,4,2,5,2,3,2,2,3,2,3,4,4,4,2,4,4,3,5,2,2,4,2,4,4,3,4,2,5,4,4,4,4,4,4,2,2,3,3,2,2,3,34,51,34,37,42
2,4,4,2,5,4,5,5,2,4,4,4,4,2,4,4,5,2,4,4,2,4,4,2,4,4,4,4,3,5,4,4,2,4,4,4,4,4,4,4,4,4,4,2,4,2,4,5,4,4,4,4,4,4,4,4,4,4,2,4,42,50,46,35,50
2,4,2,4,4,2,5,4,2,4,4,4,4,4,2,4,5,2,4,2,2,4,2,3,4,2,4,2,3,4,4,4,2,4,2,4,4,2,2,5,2,4,4,4,4,2,5,4,4,4,4,4,4,2,4,3,4,2,2,3,35,51,34,38,42
5,1,1,5,5,5,1,1,5,1,4,1,1,5,1,5,1,1,5,1,5,1,2,5,1,1,1,1,5,4,5,1,1,1,1,4,1,1,1,1,1,1,1,5,5,5,1,1,1,1,5,1,1,2,1,5,1,1,5,1,50,12,13,45,23
2,4,2,5,2,4,3,5,4,2,4,2,4,5,2,5,4,1,5,1,4,1,4,4,1,4,2,1,4,4,4,5,2,5,2,4,2,4,4,4,4,2,4,5,4,2,4,4,5,1,5,3,5,4,2,2,2,1,5,2,44,34,37,55,27
2,4,4,2,2,2,5,2,2,2,2,5,5,1,2,2,5,4,2,2,1,5,4,2,1,2,4,4,2,4,2,4,4,2,2,2,5,4,2,1,2,4,4,2,2,1,5,5,2,2,2,5,3,2,2,2,4,5,1,2,22,55,48,22,24
5,2,1,5,5,5,2,5,4,5,5,1,1,5,5,5,1,1,5,5,5,1,4,5,5,5,1,1,5,5,5,2,1,5,5,5,1,2,2,5,5,1,1,5,5,5,1,1,5,1,5,2,2,4,4,5,1,1,5,5,60,16,21,55,55
1,2,4,2,2,2,4,2,3,2,4,4,4,2,4,2,4,2,3,1,2,4,4,2,4,2,3,2,2,4,2,2,2,2,2,4,4,4,2,2,2,4,4,2,4,2,4,4,2,2,4,4,4,2,2,2,2,2,2,2,29,41,38,26,31
4,5,4,2,5,4,5,5,1,4,4,4,5,2,4,4,5,2,4,5,2,5,4,2,4,4,5,4,2,5,4,5,2,2,5,4,5,4,2,5,4,4,5,4,4,4,5,5,4,5,4,5,5,2,4,5,4,4,2,4,47,57,49,29,54
2,4,4,4,5,3,5,5,2,3,4,5,4,4,4,4,5,2,4,5,4,5,4,2,5,4,4,4,3,5,4,4,2,2,5,4,5,4,2,4,4,5,4,4,5,2,5,4,4,5,5,4,5,2,5,5,3,4,4,4,45,54,46,37,55
2,4,4,2,4,2,5,4,2,4,4,4,5,2,4,2,5,4,2,4,2,5,4,2,5,4,4,4,2,4,2,5,4,2,2,4,4,4,2,4,2,4,5,2,4,2,4,5,4,5,5,5,5,2,4,3,4,4,2,3,34,53,52,26,47
2,5,4,2,5,2,5,4,2,4,4,5,4,2,3,2,5,2,2,5,2,5,4,1,4,4,4,4,2,5,4,5,3,2,4,4,5,3,2,4,3,4,4,2,4,2,5,5,2,5,4,5,4,1,4,5,4,4,2,4,38,57,45,22,51
1,4,2,5,4,1,4,4,4,2,1,5,3,5,2,1,5,4,5,3,1,5,2,4,2,1,3,4,5,4,1,2,4,5,4,1,5,3,5,4,1,2,2,4,2,1,4,4,5,4,4,4,4,5,4,1,2,4,4,2,15,45,40,56,37
2,5,4,3,2,2,5,4,2,4,4,4,4,2,2,2,5,2,4,2,2,5,4,3,2,4,4,4,3,4,2,5,2,4,2,2,4,4,4,4,2,4,4,2,4,2,4,5,4,3,4,4,4,2,2,3,4,4,2,3,31,53,45,35,34
5,5,4,2,4,2,5,5,2,3,5,5,4,1,2,4,5,2,2,2,2,5,4,1,1,4,4,4,2,4,4,5,2,2,2,4,5,3,1,2,4,5,4,4,4,5,5,5,2,5,4,5,3,1,4,5,5,4,2,2,48,59,44,22,35
2,3,4,4,3,3,5,5,2,4,4,5,4,2,2,4,5,4,4,2,2,5,5,2,5,5,3,4,2,4,4,4,2,2,2,4,5,4,2,3,5,4,4,2,4,2,5,5,4,5,5,4,5,1,4,4,3,5,1,3,44,51,51,28,41
5,3,4,2,5,3,5,5,2,5,5,5,3,2,5,4,5,2,2,2,2,5,4,1,1,5,4,4,2,5,4,4,3,2,5,4,5,3,1,3,5,5,4,2,4,2,5,5,2,5,5,4,4,1,4,5,4,4,2,5,49,54,45,21,49
2,3,5,4,4,5,5,5,1,4,5,5,5,1,4,4,5,5,2,2,4,5,5,1,5,4,3,5,2,5,4,4,5,2,2,4,5,5,1,2,4,5,5,2,5,2,5,5,2,5,5,4,5,1,4,5,4,5,1,3,48,53,60,20,45
4,2,4,2,2,5,4,5,2,2,4,4,5,2,2,5,2,1,4,1,5,4,4,1,2,5,2,2,2,4,5,4,1,2,1,4,2,4,1,2,5,4,5,2,4,2,4,2,2,1,5,4,5,1,2,5,2,2,2,2,54,38,40,23,25
4,5,4,2,5,3,5,4,2,4,4,5,4,2,3,4,5,2,2,4,2,5,4,2,4,4,4,4,2,5,4,4,2,2,4,4,5,2,2,3,4,5,4,3,4,3,5,5,3,5,4,5,4,1,4,5,4,4,2,4,45,57,43,25,49
2,4,4,3,2,2,5,4,3,3,4,5,4,1,2,2,5,2,2,2,2,5,4,2,4,4,4,4,2,4,4,4,3,2,2,4,5,3,2,3,2,4,4,2,4,2,5,5,3,4,4,5,3,1,4,3,4,4,1,2,35,55,44,24,36
1,4,3,5,4,1,4,4,4,2,2,4,2,4,2,1,4,2,4,4,1,5,2,4,2,3,2,4,4,4,1,2,2,4,4,1,5,2,4,4,1,2,2,4,3,1,5,5,4,4,2,4,2,4,2,2,2,4,4,2,17,43,34,49,37
2,3,4,4,4,3,5,4,2,4,4,4,4,2,4,4,4,4,4,2,2,4,4,2,4,4,4,2,3,4,4,4,2,2,2,4,4,4,2,4,4,4,4,2,4,2,4,4,4,4,4,4,4,2,4,4,4,3,2,4,41,48,43,31,44
4,2,2,2,5,4,3,2,4,4,4,4,2,4,4,5,4,1,4,4,4,4,4,2,4,4,2,2,4,4,4,2,2,2,2,4,2,3,2,4,4,4,2,4,4,4,4,2,4,2,4,2,4,2,4,5,2,1,4,4,50,35,27,38,45
3,2,2,4,5,4,2,4,4,3,4,1,2,4,4,4,4,2,4,4,4,2,4,4,4,4,1,1,4,4,4,2,2,4,4,4,1,2,4,4,4,4,2,4,4,4,2,2,4,4,4,2,3,4,4,5,2,1,4,4,48,25,27,48,48
2,4,4,4,1,4,5,5,1,3,5,4,5,2,4,4,5,4,5,1,2,5,5,2,1,5,4,4,2,4,4,5,2,2,2,4,5,5,2,3,5,4,5,2,4,4,5,5,2,4,5,5,5,2,1,5,4,4,2,2,49,55,53,28,30
2,4,4,2,3,2,5,4,2,4,4,4,4,2,3,3,5,2,3,3,2,5,3,2,3,3,3,2,2,4,3,4,3,3,3,3,5,4,2,3,2,4,4,2,4,2,5,4,3,3,4,4,4,2,3,3,4,4,2,3,33,52,42,27,39
4,3,5,2,2,4,5,5,1,4,5,5,5,2,3,4,4,4,2,2,4,5,5,1,5,5,4,2,2,5,4,4,3,2,2,4,5,5,1,3,5,4,5,2,4,2,5,5,2,4,5,5,5,1,4,5,4,4,1,3,51,53,53,19,41
4,4,5,2,5,4,5,5,2,5,4,4,5,2,4,4,4,4,4,4,2,5,4,1,5,4,4,4,2,5,4,4,4,2,4,4,5,5,2,5,4,4,5,2,4,4,5,5,2,5,5,5,5,2,4,4,4,4,1,4,47,53,55,24,54
4,5,4,1,5,3,5,5,1,4,5,5,5,1,3,4,5,2,2,4,2,5,5,1,1,5,4,4,2,5,4,5,2,2,4,4,5,4,1,2,5,5,5,2,4,3,5,5,2,5,5,5,4,1,4,5,4,4,2,3,49,58,49,18,44
4,5,5,1,5,2,5,5,1,4,5,5,4,1,2,4,5,2,2,5,2,5,5,1,5,4,4,4,1,5,4,5,2,1,5,4,5,3,1,2,4,5,4,4,5,4,5,5,1,5,5,5,3,1,4,5,5,4,1,4,47,59,46,16,51
2,4,4,4,5,3,5,4,2,4,4,4,4,2,3,2,5,2,4,5,2,4,4,3,4,4,4,4,4,5,2,4,4,4,5,3,4,4,4,4,3,4,4,2,4,2,4,4,4,5,4,4,4,4,4,4,4,4,2,4,35,50,46,39,52
3,5,4,2,5,4,5,5,2,4,4,4,5,2,3,4,5,4,4,4,2,5,4,2,4,4,4,4,2,4,4,5,4,4,4,4,5,5,2,4,4,4,5,2,4,3,5,5,4,4,4,5,5,2,4,4,4,4,2,3,44,56,54,30,47
4,4,4,2,2,4,5,5,2,3,5,5,5,1,2,4,5,2,2,1,2,5,5,1,2,5,4,4,2,4,4,5,2,2,2,4,5,5,1,2,4,5,5,2,4,2,5,5,2,1,5,5,5,1,2,4,4,4,1,2,47,57,51,19,27
5,2,5,4,4,5,4,5,2,2,5,5,2,2,2,5,4,1,4,2,5,4,5,1,4,5,2,2,4,5,5,2,1,2,2,5,4,2,1,2,5,4,2,4,5,4,4,4,4,4,5,4,4,1,2,5,2,2,4,2,59,41,35,33,36
5,4,4,2,5,4,5,4,2,5,5,4,4,2,4,4,4,2,4,5,4,4,4,2,4,4,4,4,2,4,4,4,2,2,5,4,4,4,2,4,4,4,4,2,4,5,4,4,4,5,4,5,5,1,4,5,4,4,2,4,52,50,45,27,53
2,5,4,4,5,5,5,5,1,5,5,5,2,4,5,4,5,2,4,5,2,5,4,4,1,5,4,4,4,5,4,4,2,4,5,4,5,4,5,5,4,4,4,4,5,2,5,5,4,5,5,4,5,4,4,5,4,4,4,5,47,55,45,46,55
2,2,4,4,2,4,5,5,2,5,4,4,5,2,5,4,4,4,4,1,5,4,4,2,4,5,3,2,2,5,4,4,2,2,2,4,4,5,2,4,4,4,5,2,5,2,4,4,2,4,5,4,5,1,4,4,3,4,2,4,47,45,49,27,45
2,5,4,2,4,2,5,5,2,4,4,4,5,2,3,4,5,4,4,4,2,5,4,2,5,4,4,4,2,4,4,5,4,4,4,4,5,4,2,4,2,4,5,2,4,3,5,5,4,5,4,5,5,2,4,4,4,4,2,3,39,56,53,30,48
2,4,4,2,5,2,4,4,2,2,4,4,4,2,3,2,4,2,4,5,2,4,4,2,2,4,4,2,2,5,2,4,2,2,4,2,4,4,2,2,4,4,4,2,4,2,4,4,2,2,4,4,4,2,2,4,4,4,2,3,34,48,42,26,39
2,5,4,4,5,4,5,5,2,5,5,5,2,2,5,4,5,2,2,5,2,5,4,3,1,4,4,4,4,5,4,3,2,2,5,4,5,2,5,4,4,5,3,4,5,2,5,5,4,5,5,4,5,4,4,5,4,4,2,5,45,55,42,38,54
1,2,1,4,1,1,2,1,4,2,1,3,1,4,1,2,2,1,2,1,1,4,1,5,1,1,2,1,4,2,2,1,1,2,1,2,3,1,4,1,1,4,1,4,2,1,2,1,4,1,1,2,1,4,1,2,2,1,3,1,16,29,12,44,15
1,5,4,3,3,2,5,5,1,3,4,5,4,1,2,3,5,2,3,1,1,5,3,2,3,1,3,4,2,3,4,3,3,2,3,2,5,3,2,3,1,4,3,2,4,1,5,5,4,3,2,5,3,2,2,2,4,4,1,2,24,54,43,25,32
1,5,4,3,2,2,5,4,2,4,4,4,4,2,3,2,5,3,4,4,2,5,4,2,4,3,3,4,2,4,2,4,3,4,2,2,5,4,2,4,2,3,4,2,4,2,5,4,3,2,5,4,4,2,4,2,3,4,2,3,29,51,46,30,40
2,2,4,4,2,4,4,4,4,3,4,4,4,4,3,3,4,2,4,1,2,4,4,4,2,4,2,4,4,4,4,3,2,4,2,2,4,4,4,4,3,4,2,4,4,2,4,4,4,4,5,4,5,4,2,4,2,4,4,2,39,41,43,48,33
2,5,4,4,3,3,5,4,2,5,4,5,5,2,4,2,5,2,2,3,2,5,4,2,4,4,5,4,2,4,2,5,4,2,3,4,5,4,3,4,3,4,5,2,4,3,5,5,4,4,4,5,5,2,2,4,1,2,2,4,37,55,48,29,44
4,5,4,2,2,3,5,5,2,4,5,4,4,2,2,3,5,2,3,2,2,5,4,2,5,4,3,4,2,4,4,4,3,2,2,4,5,4,2,4,4,4,4,2,4,2,4,4,3,4,4,5,5,1,5,5,4,4,2,3,44,53,47,25,41
2,5,4,2,5,4,5,5,2,4,5,5,5,2,4,4,5,4,4,4,4,5,4,2,4,5,4,4,2,5,4,5,4,4,4,4,5,5,2,4,4,4,5,2,4,2,5,5,4,5,5,5,5,2,4,4,4,5,2,4,47,57,55,30,51
2,4,3,4,5,2,4,4,4,2,4,5,2,4,2,4,4,1,4,4,2,5,3,4,2,3,3,2,4,5,2,3,1,5,4,4,5,2,3,2,4,4,2,4,4,2,5,5,5,1,4,2,2,4,2,5,2,2,5,2,38,46,29,50,35
2,2,5,4,5,4,4,5,2,4,5,5,2,2,5,4,5,2,2,4,2,5,5,2,5,5,2,4,4,5,4,3,2,2,5,5,5,4,2,3,4,5,3,4,5,2,5,5,4,1,5,4,5,1,5,5,2,4,4,4,47,47,46,33,51
2,4,4,2,4,4,5,4,2,5,5,4,4,2,4,4,4,2,4,2,4,4,4,2,4,4,4,2,2,4,4,5,2,2,2,5,5,4,2,2,5,4,4,2,4,2,4,4,2,4,4,4,5,2,4,5,4,4,2,4,48,51,43,26,43
4,5,5,1,4,2,5,5,2,4,4,5,4,1,3,2,5,2,2,2,2,5,4,1,4,5,4,4,2,4,4,5,4,2,3,4,5,4,2,4,4,5,4,2,4,2,5,5,2,5,5,5,4,1,4,4,4,5,1,4,42,58,50,19,45
4,2,4,4,4,5,4,5,2,2,5,4,5,2,3,5,4,2,4,1,5,4,4,1,5,5,3,4,2,5,5,4,2,2,2,4,5,5,1,2,5,4,5,2,5,4,5,4,4,5,5,4,5,1,5,5,4,4,2,3,57,47,49,27,42
4,4,4,2,1,5,4,5,2,4,5,4,4,2,2,4,4,1,2,1,4,5,5,2,1,5,4,2,4,5,5,4,2,2,1,4,4,4,4,4,5,4,4,4,4,2,4,4,4,1,5,4,5,2,1,5,4,2,2,3,53,49,42,32,28
4,5,4,2,5,4,5,4,2,4,4,4,4,2,4,4,5,2,3,5,2,5,4,1,4,4,4,4,3,5,4,5,2,2,5,4,5,2,2,4,4,4,4,4,4,2,5,4,4,5,4,5,4,2,4,5,4,4,2,4,45,56,42,29,53
5,4,5,5,5,5,5,5,1,5,5,5,5,5,5,5,1,1,5,2,5,1,5,1,5,5,2,1,1,5,5,5,1,1,5,5,1,5,1,5,5,1,5,1,5,5,1,5,1,1,5,2,5,1,5,5,2,1,1,5,60,30,44,24,53
5,4,4,2,5,4,5,5,2,5,5,4,4,2,5,4,4,2,4,3,4,4,4,1,4,5,4,4,2,5,4,4,2,2,5,4,4,4,2,5,5,4,4,2,5,4,4,4,2,4,5,5,5,2,4,5,4,4,2,5,54,50,46,25,55
2,5,4,4,2,2,5,2,2,3,4,5,4,2,2,2,5,2,2,1,2,5,4,2,2,2,4,4,2,4,4,5,3,2,2,2,5,3,2,3,2,4,4,2,4,2,5,5,3,3,4,4,2,2,2,2,4,4,1,2,30,56,41,26,30
1,4,4,4,4,2,5,4,3,3,4,5,4,3,4,3,5,2,4,2,1,5,3,3,3,2,3,3,3,5,2,4,2,3,4,2,5,3,3,3,2,4,3,3,4,1,5,4,4,3,4,4,4,2,4,2,3,3,2,3,26,52,39,37,42
4,3,4,2,4,4,5,5,2,5,4,4,4,2,4,4,4,4,4,4,4,4,4,2,4,4,4,4,2,4,4,4,4,2,2,4,4,5,2,4,4,4,5,2,4,4,4,4,2,2,4,5,5,1,4,4,4,4,2,4,48,49,52,25,45
4,2,4,4,5,4,4,4,2,4,4,4,4,2,4,4,4,2,4,4,2,4,4,2,2,4,3,2,2,4,4,4,2,2,4,4,4,4,2,4,4,4,4,4,4,2,4,4,4,4,4,4,4,2,2,4,3,2,2,4,44,44,40,32,45
1,2,2,5,3,1,3,3,4,2,4,4,2,4,3,2,2,2,5,3,1,5,3,4,2,3,2,2,4,3,1,2,2,3,1,2,2,3,3,3,2,2,3,4,3,1,2,3,4,3,5,2,2,3,3,2,2,2,4,3,25,30,29,47,32
2,4,4,2,4,4,5,4,2,3,4,4,5,2,2,4,4,4,4,2,4,5,4,2,4,4,4,4,2,4,4,4,2,2,2,4,4,4,2,3,2,2,5,2,4,2,5,4,2,4,5,4,5,2,4,4,4,4,2,2,43,49,49,26,38
4,4,4,2,5,5,5,5,2,5,5,4,4,2,4,4,5,2,2,2,5,4,4,1,5,5,4,4,2,5,5,4,2,2,4,4,5,4,1,4,5,4,4,2,4,2,5,4,2,4,5,4,4,1,4,5,4,4,2,4,54,52,45,21,50
2,4,2,2,5,2,4,2,3,4,4,5,2,4,4,2,5,2,2,5,2,5,2,2,2,2,3,3,2,5,2,2,2,2,5,3,5,2,2,4,2,5,2,4,4,2,5,4,2,5,4,4,2,2,4,5,3,2,3,4,32,50,27,30,51
4,5,4,4,5,5,5,5,2,4,4,4,5,4,4,4,5,4,5,5,5,4,4,4,4,5,4,4,4,5,4,5,4,5,5,4,4,5,5,5,4,4,5,4,4,4,5,5,4,5,5,5,5,5,4,5,4,4,4,4,53,54,54,50,54
1,3,4,3,4,4,4,4,3,4,4,4,4,4,4,2,4,2,4,2,2,4,3,2,4,3,3,2,3,4,3,3,2,3,3,2,4,4,3,4,2,2,4,2,4,2,2,4,4,2,4,4,4,1,4,4,3,3,2,4,33,40,40,34,43
5,5,4,1,5,5,5,5,1,5,4,5,5,2,5,4,5,2,2,5,2,5,4,1,4,4,5,4,1,5,4,5,2,2,4,4,5,5,2,5,4,4,5,2,4,5,5,5,2,5,2,5,5,2,4,5,5,4,1,4,48,59,50,19,55
4,4,4,4,4,2,5,4,1,2,4,4,4,2,2,4,4,2,3,2,2,4,4,2,2,4,4,2,3,4,4,4,2,3,2,4,4,5,2,2,4,4,4,2,4,2,4,4,4,4,4,5,4,2,2,4,4,4,2,2,42,50,43,30,32
2,3,5,4,4,4,4,5,2,4,5,4,4,2,3,4,4,4,4,4,4,5,5,2,4,5,3,4,2,5,4,4,3,2,2,4,5,5,2,4,5,4,5,2,4,3,4,5,2,2,5,4,5,1,4,5,3,4,2,3,50,47,54,27,43
4,4,4,4,5,3,5,4,2,5,5,4,3,4,5,4,5,2,4,5,2,4,4,2,4,4,4,2,3,5,4,4,2,4,5,4,4,3,2,4,4,4,4,4,5,3,4,4,4,5,5,4,4,2,4,5,4,4,4,5,47,50,40,39,57
4,3,5,4,1,4,5,5,1,2,5,5,5,2,2,4,4,2,4,1,4,5,5,2,1,5,4,4,2,5,4,5,2,2,2,4,5,5,2,2,5,4,5,2,5,2,5,4,4,5,5,4,5,1,1,5,4,4,2,2,51,53,51,28,29
2,5,4,1,4,3,5,5,2,5,4,5,4,2,3,2,5,2,2,1,2,5,4,1,5,5,4,4,2,4,2,4,3,2,2,3,5,4,2,5,4,4,4,2,4,2,5,5,2,2,5,4,4,2,4,4,4,4,1,4,38,55,47,21,43
2,5,4,2,4,4,5,5,2,5,4,5,5,2,4,4,5,4,4,2,2,5,4,1,5,5,5,4,2,4,4,5,4,2,3,4,5,5,2,5,5,4,5,2,4,2,5,5,2,4,5,5,5,1,4,4,4,5,2,4,45,58,55,24,48
4,3,5,4,1,4,5,5,2,2,4,5,5,1,2,5,5,5,2,1,5,5,5,1,1,5,3,5,2,5,5,4,4,2,2,5,5,5,1,2,4,4,5,2,4,2,5,5,2,5,5,5,5,1,2,4,4,5,1,2,52,53,59,21,29
2,4,1,4,4,1,3,1,4,2,2,4,1,4,2,4,4,1,4,3,1,5,1,4,2,2,3,2,4,4,2,2,1,4,3,2,5,1,4,4,1,4,1,4,4,2,4,2,4,4,2,3,1,4,4,2,4,1,4,2,23,45,14,48,38
4,4,4,2,3,4,5,4,2,4,4,4,4,2,4,4,4,2,2,2,4,4,4,1,4,4,4,4,2,4,4,4,4,2,3,4,4,5,2,4,4,4,5,2,4,4,4,4,2,1,5,5,5,1,4,4,4,4,2,4,49,50,49,22,41
2,5,4,2,4,3,5,4,2,4,4,4,4,2,4,4,5,4,4,4,2,5,4,2,4,4,4,4,2,4,4,4,4,2,3,2,5,4,2,4,3,4,4,2,4,2,5,5,2,4,4,5,4,2,4,4,4,4,2,3,38,55,49,26,46
1,3,1,5,5,2,4,4,4,5,4,4,1,4,2,4,4,1,4,4,2,4,1,4,4,4,2,1,5,4,4,3,1,5,4,2,4,1,4,5,2,4,1,5,4,2,4,2,5,4,4,4,2,4,4,5,2,1,5,4,36,42,17,54,49
2,4,2,4,4,2,3,4,4,4,4,4,2,5,4,4,4,1,4,3,1,4,2,4,4,4,4,2,5,4,4,2,1,5,3,4,4,2,4,5,2,2,2,5,4,2,4,4,5,4,4,3,2,4,4,5,2,2,4,5,38,40,26,53,48
2,4,5,2,5,3,5,5,2,5,5,5,4,1,3,4,5,3,2,5,2,5,5,1,5,5,4,4,2,5,4,4,4,2,5,4,5,2,2,4,2,5,4,2,4,2,5,5,2,5,5,5,4,1,5,5,1,4,1,3,43,53,49,20,54
2,4,4,4,3,2,4,4,3,4,4,4,4,4,3,2,5,2,4,3,2,5,4,3,4,4,3,4,4,4,2,3,3,4,3,3,5,3,2,4,2,4,4,4,4,2,4,5,5,5,4,4,3,2,4,5,3,4,2,3,34,48,44,41,44
4,4,2,4,4,2,4,4,4,5,4,4,2,4,4,4,4,1,4,2,2,4,2,4,4,4,4,1,4,5,4,2,1,4,4,4,4,2,2,5,4,2,2,4,4,4,4,4,4,4,4,4,2,2,4,4,2,1,4,5,44,42,24,44,50
3,5,4,1,3,3,5,5,2,4,4,5,5,2,4,4,5,4,2,3,3,5,4,1,5,4,4,4,2,4,4,5,3,2,3,4,5,4,2,4,4,5,5,2,4,3,5,5,2,5,4,5,4,1,4,4,4,4,2,4,44,58,51,21,47
2,4,4,4,1,2,4,4,2,2,5,5,3,1,1,4,5,2,2,1,2,5,5,2,1,2,3,2,3,4,5,4,2,1,1,5,4,2,2,2,5,5,3,3,4,4,5,5,2,1,4,4,3,1,1,5,4,4,1,2,45,52,39,24,21
4,3,4,3,2,2,5,5,2,3,4,5,4,2,3,4,5,2,2,2,2,5,4,3,2,4,3,4,2,5,4,4,2,2,2,4,5,4,4,2,4,5,4,3,4,4,5,5,4,1,5,5,4,2,4,4,4,4,1,3,45,54,46,30,33
2,5,4,2,5,2,5,5,2,5,4,4,5,2,4,2,5,4,4,5,2,5,4,2,5,4,4,4,2,5,2,5,4,2,4,4,5,4,2,5,2,4,5,2,4,2,5,5,4,5,4,5,5,2,4,4,4,4,2,4,34,56,53,28,55
2,4,4,3,4,4,4,4,2,3,4,4,4,2,4,4,4,2,4,1,4,4,4,2,4,4,4,2,2,4,4,4,2,2,2,4,4,4,2,2,4,4,4,2,4,2,4,4,2,4,4,4,5,2,2,4,3,4,2,2,44,47,43,27,36
2,5,4,2,4,2,5,4,2,4,4,4,4,2,4,4,5,4,4,2,2,4,4,2,4,4,4,4,2,5,4,5,4,2,2,4,4,4,2,3,2,4,5,2,4,2,5,4,3,4,4,5,4,2,4,4,4,4,2,3,38,54,49,27,43
2,4,4,3,2,3,4,4,2,4,4,4,4,2,3,3,5,2,3,1,2,5,4,2,1,4,3,4,2,4,4,4,2,2,2,3,5,4,2,3,4,4,4,2,4,2,5,4,2,4,4,4,4,1,4,5,4,4,2,3,40,51,44,25,35
3,5,4,2,2,2,5,4,2,4,4,4,4,2,2,2,5,2,3,2,2,4,4,2,4,4,4,4,2,4,2,5,2,2,2,4,5,4,2,3,3,4,5,2,4,2,5,4,3,4,4,5,4,2,4,5,4,4,2,2,37,55,45,26,37
2,3,4,4,1,2,4,5,3,5,5,4,4,2,2,4,4,2,4,1,2,5,4,2,4,4,3,4,3,4,2,3,2,2,2,2,5,3,2,4,4,4,4,3,4,2,4,4,4,1,5,4,4,1,4,5,3,4,2,3,39,46,44,32,35
3,4,4,4,2,4,5,5,2,4,5,5,4,2,3,4,5,2,2,1,4,5,4,2,1,5,2,4,2,4,4,4,2,2,2,4,5,4,1,2,5,4,4,2,4,2,5,4,2,1,5,4,5,1,2,5,3,4,2,3,50,51,46,24,29
2,4,2,1,1,2,5,5,2,4,4,4,4,2,4,4,5,5,4,2,2,5,4,2,5,4,4,2,1,4,4,4,5,4,2,4,5,4,2,4,4,4,4,2,4,2,5,4,1,4,4,4,5,2,4,4,4,4,2,3,40,53,48,25,41
1,5,4,2,3,2,3,4,3,4,4,5,3,2,2,2,5,2,2,1,1,5,4,2,2,4,4,4,2,4,1,2,2,2,2,1,5,2,2,3,2,4,3,4,4,1,5,5,2,4,5,2,2,2,2,4,2,4,2,2,28,47,39,27,33
1,1,2,5,5,5,2,1,4,2,5,4,2,4,2,5,2,1,5,5,5,1,2,1,1,1,1,1,4,5,5,2,1,2,4,2,2,1,2,4,2,2,2,5,4,2,2,1,1,1,5,2,2,4,2,4,1,1,4,4,42,22,17,41,39
2,5,4,2,4,2,5,5,2,4,4,5,5,2,2,2,5,4,2,2,2,5,4,2,2,4,4,4,2,4,2,5,4,2,3,4,5,4,2,3,3,4,5,2,4,2,5,5,2,5,4,5,4,2,4,4,4,5,2,2,35,57,53,24,39
2,5,4,4,5,2,4,5,4,5,4,5,3,4,5,2,5,2,4,5,2,5,4,4,5,4,4,4,4,5,2,4,2,4,5,4,5,2,5,5,2,5,3,4,5,2,5,5,4,5,5,4,4,4,5,3,4,4,4,5,34,55,42,49,60
4,4,4,2,5,4,5,4,2,5,4,4,3,4,4,4,4,2,4,5,2,4,4,2,4,4,4,2,3,5,2,4,2,4,5,4,4,4,2,4,4,4,4,4,4,4,4,4,4,4,4,4,4,2,4,5,4,2,4,4,45,49,39,37,53
2,5,4,2,4,2,5,4,2,4,4,5,4,2,2,2,5,4,3,4,2,5,4,2,4,3,4,4,2,4,2,5,4,2,4,2,5,4,2,4,2,4,4,2,4,2,5,5,3,5,4,5,4,1,4,2,4,4,1,2,29,57,49,24,45
2,4,4,4,4,4,5,5,2,3,4,5,4,2,2,1,5,4,4,2,2,5,4,2,4,4,4,4,2,4,2,4,4,4,2,4,5,4,2,4,2,4,4,2,4,1,5,5,4,4,4,4,4,2,4,2,3,4,1,2,32,53,50,31,39
2,3,2,4,4,2,4,1,4,2,4,4,2,4,2,4,4,2,2,4,2,5,2,3,4,1,3,2,4,4,2,3,2,2,4,2,5,2,2,2,2,4,2,4,4,2,5,4,4,4,4,4,2,2,4,5,3,2,2,2,32,47,25,37,40
4,2,2,4,1,4,2,5,4,1,4,1,4,5,2,4,2,1,5,1,5,1,4,4,1,4,2,2,4,2,5,2,1,2,1,4,2,4,2,1,5,1,4,4,4,2,2,2,4,1,5,2,5,2,1,5,1,2,5,1,51,20,36,45,17
5,5,5,1,5,5,5,5,1,5,5,5,2,1,4,5,5,1,2,2,4,5,5,1,5,5,5,2,2,5,5,5,2,1,3,5,5,4,1,2,5,5,4,4,5,5,5,5,1,5,5,5,5,1,4,5,5,2,1,4,59,60,42,17,49
2,5,5,1,5,2,5,5,1,4,5,5,4,1,3,4,5,2,2,4,2,5,4,1,5,4,5,4,1,5,4,5,3,1,5,4,5,3,1,2,4,5,5,2,4,2,5,5,1,5,5,5,4,1,4,5,5,5,1,3,43,60,49,14,49
2,4,4,3,2,3,5,5,2,5,4,5,4,2,4,3,5,3,3,1,2,5,4,2,5,4,3,4,2,5,3,4,2,2,2,2,5,4,2,4,4,4,4,3,4,2,5,4,3,5,5,4,4,2,4,4,4,4,2,3,38,53,46,28,44
2,5,4,1,4,2,1,4,2,3,4,4,4,2,2,2,5,2,2,4,2,5,4,1,4,4,4,4,2,4,4,4,3,2,4,2,5,3,2,3,2,5,4,2,4,2,5,5,2,5,4,5,1,1,4,4,4,4,2,2,34,52,42,21,43
5,4,4,2,2,4,4,4,2,2,4,5,4,2,4,4,4,2,2,1,2,5,4,2,2,5,4,2,2,4,4,4,2,2,2,4,5,3,2,2,5,5,4,3,4,4,5,4,2,2,4,4,2,1,2,4,4,2,2,4,49,53,37,24,31
1,4,4,4,5,2,4,4,4,2,4,4,2,4,4,1,4,1,5,5,1,5,4,4,2,4,2,4,4,5,1,2,2,5,5,1,5,2,2,5,2,1,2,4,5,1,4,4,4,5,5,4,3,2,4,2,2,2,2,4,25,41,34,44,51
2,5,4,2,5,2,5,4,2,5,4,5,4,2,2,2,5,2,2,4,2,5,4,2,4,2,4,4,2,4,2,4,2,2,5,4,5,2,2,4,2,4,4,4,4,2,5,5,2,4,4,4,2,2,4,5,4,4,2,3,33,55,41,26,48
5,5,5,1,5,5,5,5,1,1,5,5,5,4,5,5,5,2,4,5,5,5,5,1,1,5,5,4,5,5,5,5,5,2,5,5,5,5,1,5,5,5,5,4,5,5,5,5,1,5,5,5,1,1,1,5,5,5,4,5,60,60,52,29,48
4,5,4,2,3,4,5,5,1,5,5,5,5,2,3,4,5,4,2,2,4,5,4,1,4,5,4,4,2,4,4,5,4,2,2,4,5,5,2,4,4,4,5,2,4,3,5,5,2,5,5,5,5,1,4,4,4,5,2,3,50,57,55,21,43
5,5,4,2,4,4,5,4,2,5,5,4,3,2,4,5,5,2,2,3,2,5,4,1,4,4,4,2,2,4,5,5,2,2,3,4,5,2,2,3,4,5,4,4,4,5,5,4,2,5,4,5,3,1,4,5,5,4,2,4,52,58,38,24,47
1,2,4,4,2,4,4,2,4,2,4,4,4,2,2,2,4,4,4,2,2,4,4,2,2,2,3,4,2,4,2,2,4,2,2,2,4,4,2,4,2,4,4,2,4,2,4,4,4,2,4,4,3,2,2,2,3,4,2,2,29,42,45,32,30
2,2,4,2,5,4,5,5,2,5,5,4,4,2,5,4,4,2,4,2,5,4,4,2,4,4,4,2,2,5,4,4,2,2,2,4,4,4,2,5,4,4,4,2,4,2,4,5,2,1,5,4,5,2,4,5,4,2,2,5,48,47,43,26,47
2,4,4,4,3,2,4,4,3,3,4,4,4,2,2,2,4,2,3,3,2,5,4,2,1,3,3,4,2,4,3,3,3,3,2,3,5,4,2,3,2,4,4,3,4,2,5,4,2,4,4,4,4,2,2,2,3,4,2,2,31,48,45,30,33
4,5,4,2,5,4,5,5,1,5,4,5,4,2,4,2,5,2,4,5,2,5,4,2,5,4,5,4,2,5,2,5,4,2,5,4,5,4,2,5,4,4,5,2,4,4,5,5,2,4,4,5,5,2,4,4,5,4,2,4,42,59,50,25,55
2,5,4,4,5,2,5,5,2,4,4,5,4,4,5,2,5,4,5,4,2,5,2,3,4,1,4,4,4,5,2,4,2,4,5,2,5,2,4,4,1,4,3,4,4,2,5,5,4,5,5,5,4,4,4,3,4,4,2,5,28,56,43,44,54
4,4,4,2,5,3,5,4,2,5,5,5,4,2,3,4,5,2,2,5,2,5,4,2,5,4,4,4,2,5,4,4,2,2,4,3,5,3,2,4,3,4,4,3,4,3,5,5,3,4,4,5,3,2,4,5,4,4,2,3,44,55,43,26,51
4,5,4,2,5,4,5,5,2,5,5,5,4,2,4,4,5,2,2,5,2,5,4,1,4,4,4,4,2,5,4,5,2,2,5,4,5,4,2,4,4,4,4,3,5,2,5,5,4,5,5,5,4,1,4,5,4,4,2,4,47,57,46,25,55
4,4,4,2,5,4,4,5,2,5,4,4,4,2,5,4,4,2,4,5,2,4,4,2,4,4,4,2,2,5,4,4,2,2,5,4,4,4,2,4,4,4,4,4,4,4,4,4,4,4,5,4,4,2,4,4,4,2,2,5,47,48,41,30,55
2,4,4,3,3,2,4,4,3,4,2,4,4,2,2,2,4,2,2,2,2,5,3,3,2,3,3,4,3,2,2,3,2,2,2,2,5,3,3,2,2,4,3,3,4,2,4,4,3,2,4,4,3,2,2,2,3,4,2,2,27,47,40,31,29
5,5,4,2,5,4,5,5,1,4,4,4,5,2,4,4,5,4,2,5,4,5,4,1,5,5,5,4,2,5,4,5,4,2,5,4,5,4,2,4,4,4,5,2,4,4,5,5,2,5,5,5,5,2,4,5,4,4,2,4,52,57,53,22,54
4,5,4,2,5,4,5,5,2,5,4,4,4,2,4,4,5,2,2,5,2,4,4,1,4,4,4,4,2,5,4,5,4,2,1,4,5,4,2,5,4,4,4,2,4,4,5,4,2,5,4,5,4,1,4,5,4,4,2,4,47,55,47,22,51
4,5,4,2,4,3,5,5,2,5,4,4,5,2,2,4,5,4,4,2,2,5,4,2,4,4,4,4,2,4,4,5,4,2,2,4,5,4,2,4,4,4,5,2,4,2,5,5,4,4,4,5,5,2,4,4,4,4,2,2,43,56,53,28,41
2,2,4,4,4,5,4,5,2,5,4,4,4,2,5,4,4,4,4,2,4,4,4,2,4,4,3,4,2,5,4,4,2,2,2,4,4,5,2,5,4,4,5,2,4,2,4,5,2,4,5,4,5,2,4,5,2,4,2,5,47,43,51,28,49
1,2,5,4,2,2,5,5,2,5,5,5,5,1,5,4,4,5,2,1,2,5,5,2,5,4,2,5,2,4,2,4,4,2,2,4,5,5,1,5,2,4,5,1,5,1,4,5,4,2,5,4,5,1,5,4,2,5,1,4,36,46,59,23,45
4,2,4,4,4,5,3,2,4,2,4,4,2,4,2,5,2,1,2,2,2,4,4,4,2,4,2,2,3,4,5,2,2,2,5,4,4,4,2,2,2,4,2,4,4,2,4,2,2,2,5,3,2,2,2,4,2,2,4,2,46,36,29,37,33
2,4,2,2,3,2,4,2,3,3,4,4,4,4,3,2,4,2,3,2,2,5,4,2,3,2,3,2,2,4,2,4,2,2,2,2,4,3,2,3,2,4,4,3,3,2,4,4,3,4,4,4,3,2,2,2,3,3,2,3,28,47,35,30,35
1,5,4,2,5,2,4,4,1,4,4,5,2,4,3,2,5,2,2,5,1,5,4,4,1,4,4,2,4,5,2,4,2,2,5,2,4,2,2,4,2,4,2,4,4,2,4,4,4,4,5,4,4,2,4,5,2,2,4,4,32,50,34,35,48
2,5,5,4,1,2,5,5,2,4,4,4,5,2,2,2,5,5,4,1,2,5,4,3,5,2,4,5,2,4,2,5,4,4,2,4,5,5,2,5,2,4,5,2,4,2,5,5,4,4,5,5,5,2,4,2,4,5,1,2,31,56,58,32,38
2,5,5,1,5,5,5,5,1,5,5,4,5,2,5,5,5,2,4,2,5,5,5,1,5,5,5,4,1,5,5,5,4,2,5,5,5,5,2,5,4,4,5,1,5,5,5,5,1,5,5,1,5,1,5,5,5,4,1,5,56,54,54,18,57
4,3,4,4,1,4,5,5,1,3,5,5,4,2,3,4,5,2,4,1,4,5,5,2,1,5,4,2,4,5,4,4,2,4,2,3,5,4,2,4,5,5,4,2,4,3,5,5,4,5,5,4,5,1,1,5,3,4,2,3,51,53,46,32,33
2,2,4,4,3,4,3,5,2,3,4,4,3,2,3,4,4,2,3,1,4,4,4,2,5,4,3,3,3,4,4,2,3,3,2,4,3,4,2,3,4,4,3,2,4,3,4,4,4,5,4,3,4,1,4,4,3,3,2,3,45,39,42,30,40
4,4,4,2,4,2,5,4,2,5,4,5,4,2,3,2,5,2,2,5,2,5,4,2,5,4,4,4,2,4,2,4,3,2,4,2,5,3,2,4,2,4,4,3,4,3,5,5,3,4,4,5,3,2,4,3,4,4,2,3,34,55,44,26,49
2,4,4,4,4,3,5,4,2,5,4,4,4,2,4,3,5,3,4,2,2,5,4,2,5,4,3,4,2,4,4,4,3,2,2,3,5,4,2,4,3,4,4,3,4,2,5,4,4,5,4,4,4,1,4,4,4,4,2,3,38,52,46,30,46
1,2,4,4,2,4,4,2,4,2,2,4,2,4,2,2,4,2,4,1,1,5,4,4,2,2,2,4,4,2,2,2,2,2,1,2,4,4,2,3,1,4,2,4,4,1,4,4,4,2,5,4,2,2,2,1,2,4,2,2,24,41,36,40,25
4,4,4,2,4,4,5,4,1,4,4,4,4,2,4,4,4,4,2,2,2,4,4,1,4,4,4,4,2,4,4,4,2,2,2,4,4,4,2,4,4,4,4,2,4,4,4,4,2,4,4,5,5,2,4,5,4,4,2,4,47,50,47,22,44
3,3,4,3,2,3,4,5,2,3,4,4,4,2,2,4,4,4,3,2,2,5,4,2,4,4,3,4,2,4,4,4,4,2,2,4,5,4,2,4,2,4,4,2,4,2,4,5,3,4,4,4,4,2,4,2,3,4,2,2,38,47,50,27,37
2,5,4,4,5,5,4,4,1,4,5,2,4,4,5,4,4,2,5,3,4,4,4,4,2,3,4,2,4,5,4,5,2,5,4,2,2,4,4,4,4,1,4,4,4,4,4,5,4,4,5,4,5,4,2,5,2,2,4,5,47,41,42,47,47
3,4,4,2,4,4,5,5,2,4,4,4,5,2,4,4,5,4,4,2,4,4,4,2,5,4,4,4,2,4,4,4,4,2,2,4,5,5,2,4,4,4,5,2,4,2,5,4,2,4,5,5,5,2,4,4,4,4,2,3,46,53,53,26,44
3,4,4,3,5,4,5,5,2,4,4,5,4,2,4,4,4,4,4,2,2,5,4,3,5,4,4,4,3,5,4,4,3,4,3,4,5,4,4,5,3,4,4,3,4,4,5,5,3,5,4,4,4,2,4,4,3,4,2,4,44,52,49,35,50
2,4,4,4,1,4,5,5,2,5,4,4,4,2,4,4,4,5,4,1,4,4,4,2,5,4,4,4,2,4,4,4,2,4,2,4,5,4,2,4,2,4,4,2,4,2,5,5,4,4,5,4,5,2,4,4,4,4,2,3,43,51,50,32,41
2,5,4,3,4,2,5,5,2,3,4,5,5,2,4,4,5,4,2,2,2,5,4,2,4,4,4,4,2,5,4,5,2,4,4,4,5,4,2,4,2,4,5,2,4,2,5,5,4,5,4,5,4,2,4,4,4,4,2,2,38,57,50,29,45
1,2,1,4,4,2,3,1,4,2,4,4,1,4,1,2,4,1,2,2,1,4,1,4,2,1,2,1,4,4,2,2,1,2,2,2,2,1,4,2,1,4,1,5,2,1,3,1,4,1,1,2,1,4,2,4,2,1,2,1,22,34,12,43,25
5,1,5,5,1,5,2,5,1,1,5,4,1,1,5,5,1,1,5,1,1,1,5,1,1,5,1,1,1,5,5,2,1,1,1,5,2,5,1,2,5,2,2,1,5,1,2,1,1,1,5,1,5,1,1,5,1,1,1,5,52,20,33,20,29
5,5,4,2,5,4,5,5,2,4,5,5,4,2,4,4,5,2,2,4,2,5,4,2,2,4,4,4,2,4,4,5,2,2,4,4,5,4,2,4,5,5,5,2,4,3,5,5,2,5,4,5,5,1,4,5,5,4,2,4,49,59,48,23,48
4,4,4,2,1,4,4,5,2,2,5,4,4,2,2,4,5,2,2,1,2,5,4,2,1,5,4,4,2,4,4,4,2,2,1,4,5,4,1,2,5,5,4,2,4,3,5,4,2,1,5,4,4,1,2,5,4,4,2,2,50,53,45,22,23
5,4,4,2,5,4,5,5,2,5,5,5,2,2,3,4,5,2,3,4,2,5,4,2,4,5,4,2,3,5,4,4,2,2,4,4,5,2,2,3,5,4,2,4,4,3,5,4,2,5,4,4,2,2,4,5,4,2,2,4,50,54,33,28,50
3,5,4,2,5,3,5,5,2,5,5,5,4,2,5,4,5,2,2,5,2,5,4,2,5,5,4,4,2,5,4,4,2,2,5,4,5,4,2,4,4,4,4,2,5,2,5,5,3,5,5,5,4,2,4,5,4,4,2,5,46,56,46,25,58
2,5,4,4,1,2,5,5,2,3,4,4,5,2,2,4,5,2,2,2,2,5,4,2,4,4,4,4,2,4,4,5,2,2,2,4,5,4,4,4,3,4,5,4,4,2,5,5,4,5,5,5,4,2,4,4,4,5,2,2,40,56,49,32,37
1,4,1,4,5,1,3,2,4,4,4,4,2,4,4,1,4,1,2,5,1,5,2,4,2,2,3,2,4,5,1,2,1,4,5,1,5,2,4,4,2,4,2,4,5,1,4,2,4,2,4,2,2,4,4,4,2,2,4,4,23,42,21,46,49
5,4,4,2,5,5,5,5,1,5,5,4,4,2,4,5,5,2,4,4,5,4,4,1,4,5,4,2,2,5,4,4,2,2,4,4,5,5,2,4,5,4,4,2,4,5,5,4,2,4,5,4,5,1,4,5,4,4,2,5,58,52,45,23,52
1,3,1,5,4,2,3,2,4,4,2,4,1,5,2,2,4,1,5,4,1,4,1,5,4,2,2,1,5,4,2,2,2,5,4,2,4,1,5,4,2,4,1,5,4,2,4,4,5,4,4,3,2,5,4,2,2,1,4,2,24,39,18,58,44
5,2,5,4,1,5,5,5,1,2,5,5,4,2,4,5,4,2,4,1,5,4,5,1,1,5,2,4,2,5,5,4,1,2,2,5,5,5,1,2,5,4,4,2,5,5,5,5,1,5,5,4,5,1,1,5,4,4,2,4,60,48,49,23,33
2,4,2,2,5,2,4,1,3,4,4,5,2,4,3,2,5,2,3,4,2,5,1,2,3,2,3,2,3,5,2,3,2,2,5,2,5,2,2,4,1,4,2,4,4,2,5,4,3,4,4,4,2,2,4,4,3,2,4,4,29,50,24,34,49
2,5,4,2,4,2,5,4,2,5,4,4,4,4,4,4,5,2,4,3,2,4,4,2,4,4,4,2,3,5,2,5,2,2,4,4,4,2,2,5,2,4,4,4,4,2,5,4,4,4,4,4,4,2,4,4,4,2,4,4,36,53,38,35,50
5,4,4,2,5,4,4,4,2,5,5,4,2,2,4,4,5,2,3,4,2,5,4,1,4,4,4,2,3,5,4,3,2,2,4,4,5,2,2,3,5,4,2,4,4,3,4,4,4,4,4,4,3,2,4,5,4,2,4,5,49,50,33,31,51
4,2,4,4,2,5,4,5,2,2,4,4,5,2,2,5,4,2,4,1,5,4,4,2,2,5,3,2,2,4,5,4,2,2,2,4,2,4,2,2,5,4,5,2,4,2,4,4,2,2,5,4,5,1,2,5,2,2,2,2,54,41,44,27,27
1,5,4,4,4,1,5,4,4,4,2,5,4,2,2,1,5,4,4,4,1,5,2,4,4,2,4,4,4,4,1,5,4,5,4,1,5,3,4,4,1,4,4,4,4,1,5,5,4,4,2,5,4,4,4,2,4,5,2,2,16,57,47,45,44
4,5,4,4,5,4,5,5,1,4,4,4,5,4,4,4,5,4,5,5,5,5,4,4,4,5,4,4,4,5,4,5,4,5,5,4,4,5,5,5,4,4,5,4,4,4,5,5,4,5,5,5,5,5,4,5,4,4,4,4,52,55,54,49,54
1,1,4,4,4,2,2,4,4,4,4,4,2,4,4,2,2,2,2,2,2,5,4,4,4,4,2,2,4,4,2,2,1,2,2,4,4,2,2,4,2,2,2,4,4,1,2,4,4,4,4,2,4,2,2,4,2,2,2,4,32,30,33,38,42
3,4,4,2,4,3,5,4,2,5,4,4,4,2,3,4,5,2,2,4,2,5,4,2,4,4,4,4,2,4,4,4,2,2,3,3,5,3,2,3,4,4,4,3,4,3,5,4,3,4,4,4,3,1,4,4,4,4,2,3,42,53,42,25,45
2,4,4,3,5,2,4,4,2,4,4,4,4,2,4,4,4,2,4,5,2,4,4,2,4,4,3,2,3,5,2,4,2,2,5,4,4,4,2,4,3,4,4,4,4,2,4,4,4,5,4,4,4,2,4,4,3,2,2,4,37,46,40,32,53
3,5,4,2,4,2,5,5,2,3,4,4,4,2,2,4,5,2,2,2,2,5,4,2,2,4,4,4,2,4,4,5,2,4,4,4,5,4,2,2,4,4,4,2,4,3,5,5,2,4,4,5,4,2,2,4,4,4,2,2,42,56,46,26,35
4,5,4,2,4,2,5,5,2,4,4,5,5,2,3,4,5,4,2,2,2,5,4,2,4,5,5,4,2,4,4,5,4,2,2,4,5,4,2,4,5,4,5,2,4,2,5,5,2,5,4,5,4,2,4,4,5,5,2,2,44,59,53,24,42
4,4,4,2,4,2,5,4,2,3,4,4,4,2,2,4,4,2,2,4,2,4,4,2,4,4,4,2,2,4,4,4,2,2,4,4,4,3,2,2,2,4,4,3,4,2,5,4,2,4,4,4,4,1,4,4,4,2,2,2,40,50,39,24,41
1,4,4,3,5,2,5,4,2,3,4,4,4,2,4,2,5,4,4,4,2,5,4,2,2,2,4,2,3,5,2,4,2,3,4,2,5,3,2,4,2,4,4,3,4,2,5,4,4,4,4,4,4,2,4,4,4,4,2,3,29,53,43,32,46
1,4,1,4,5,1,2,2,4,4,4,4,2,4,4,1,4,1,4,5,1,5,2,4,2,2,2,2,4,5,1,2,1,4,5,1,4,1,4,5,2,2,2,4,5,1,4,2,4,2,5,2,2,4,4,2,2,1,4,5,22,37,19,48,51
5,2,2,4,4,5,2,4,4,4,4,4,2,5,5,5,4,1,4,4,2,4,4,4,4,4,2,1,4,5,4,2,1,4,5,5,2,2,4,5,4,4,2,4,4,5,2,2,4,4,4,2,2,4,2,4,2,1,5,5,51,32,24,50,51
1,5,2,5,4,1,5,4,4,1,4,5,4,4,1,2,5,1,4,1,1,5,2,5,1,2,4,2,4,4,2,5,2,5,2,2,5,2,4,1,1,4,4,4,4,1,5,5,5,4,2,5,2,5,2,1,4,4,4,1,20,57,34,53,26
5,5,5,2,2,5,5,5,1,3,4,5,5,1,3,5,5,2,2,1,4,5,5,2,2,5,5,5,2,4,5,5,3,2,1,4,5,5,1,2,4,5,5,2,4,5,5,5,4,5,5,5,5,1,2,5,4,5,1,2,56,59,55,21,31
2,4,5,2,4,4,5,5,2,3,4,4,5,2,2,2,4,4,2,4,2,5,4,1,4,5,3,4,2,4,4,4,4,2,2,3,5,4,2,4,4,4,4,2,4,2,4,5,2,5,5,4,4,1,4,4,3,4,1,2,41,49,52,21,42
2,4,1,5,5,2,2,2,4,5,5,4,2,5,5,5,4,1,4,2,2,4,2,5,1,4,2,2,5,5,4,2,1,4,4,2,4,2,4,5,4,2,2,5,5,2,4,2,5,5,4,2,2,4,4,5,2,1,5,5,41,36,20,55,51
5,2,2,2,1,2,4,4,4,2,5,5,2,1,1,5,5,1,2,1,1,5,5,2,1,4,3,2,2,2,5,4,1,1,1,1,5,1,1,1,4,5,2,4,1,4,5,2,2,1,4,3,1,1,1,5,3,2,1,1,45,49,25,23,14
1,4,1,5,2,2,4,2,5,2,1,4,2,4,1,2,4,1,5,1,1,5,2,4,2,1,2,2,5,2,2,2,1,5,2,2,2,1,5,2,1,4,2,5,2,1,4,4,5,2,2,2,2,5,2,1,2,2,5,1,17,39,22,58,21
2,4,4,2,5,2,5,4,2,2,4,4,4,2,2,2,4,2,2,4,2,5,4,2,2,4,4,2,2,5,2,4,2,2,4,2,4,2,2,2,3,4,4,2,4,2,4,4,4,4,4,5,4,2,2,4,4,4,2,2,33,51,40,26,38
1,4,2,4,4,2,4,2,4,4,4,4,2,4,2,2,4,2,4,4,1,4,2,4,4,2,3,2,4,4,2,3,2,4,3,2,4,2,4,4,2,4,2,4,4,2,4,4,4,4,4,4,2,4,4,4,3,2,2,2,28,45,26,46,43
2,4,4,2,5,2,5,4,2,3,5,5,4,2,3,4,5,2,2,3,2,5,4,1,1,4,4,4,2,5,4,4,4,2,4,4,5,3,1,3,3,5,4,4,4,2,5,5,2,5,5,5,3,1,4,5,4,4,2,2,42,56,45,23,42
4,5,4,3,5,2,5,4,2,5,4,4,4,2,4,4,5,2,4,5,2,4,4,2,4,4,4,4,2,5,2,5,2,2,5,4,4,3,2,4,4,4,4,4,4,4,5,4,4,5,4,5,4,2,4,5,4,4,2,4,43,54,43,31,54
2,5,3,5,3,2,5,4,4,5,4,5,2,4,2,2,5,2,5,2,1,5,4,5,2,3,4,4,5,4,2,5,2,5,2,2,5,2,2,5,2,4,3,5,4,2,5,5,5,3,2,5,2,2,4,4,4,4,4,5,28,57,37,51,41
5,5,4,4,5,4,5,5,1,5,5,5,2,2,5,4,5,2,2,5,2,5,5,4,4,5,4,2,4,5,4,5,2,2,5,5,5,2,2,5,5,4,2,4,5,5,5,4,4,5,5,5,5,2,4,5,4,2,4,5,54,57,37,35,58
2,5,5,2,3,3,5,5,2,3,4,5,5,1,4,5,5,5,2,1,2,5,5,1,1,5,3,5,2,4,5,5,5,2,2,1,5,5,1,2,4,5,5,2,4,1,5,5,2,5,5,5,5,1,1,4,3,5,1,2,41,56,60,19,32
4,3,4,2,5,3,4,4,2,4,4,4,3,2,4,4,5,2,2,4,2,5,4,2,2,4,3,4,2,5,4,3,2,2,4,2,5,3,2,3,4,4,3,3,4,3,5,4,3,5,4,4,3,1,2,5,3,4,2,3,43,48,40,25,45
5,2,4,4,5,5,3,4,2,2,5,5,2,4,4,5,4,2,2,5,5,5,5,1,1,5,2,2,4,5,5,2,2,2,4,5,4,2,1,4,5,4,2,4,5,5,4,4,1,5,5,2,2,1,4,5,2,2,2,4,60,39,33,28,48
5,2,4,4,2,4,4,5,2,4,5,4,4,2,4,5,4,2,4,2,4,4,4,2,4,5,4,2,2,4,4,4,2,2,2,4,4,4,2,3,5,4,4,2,4,4,4,4,2,2,5,4,5,1,2,5,4,2,2,3,55,46,42,27,36
2,4,4,4,1,5,5,4,2,4,4,4,4,2,3,2,4,4,4,2,2,4,4,3,4,4,4,2,3,4,2,4,2,2,2,2,4,4,2,3,4,4,4,2,4,2,4,4,4,1,4,5,4,2,4,5,4,4,2,3,38,50,44,32,35
1,2,4,4,5,1,2,5,4,4,4,4,2,4,2,1,4,1,5,4,1,5,4,4,4,5,2,2,4,4,1,2,2,5,4,1,2,2,4,5,4,4,2,4,4,1,4,4,5,2,1,2,4,4,4,2,2,4,4,2,23,35,36,51,44
2,2,4,4,2,4,4,4,2,3,4,4,4,2,2,4,4,2,4,1,2,4,4,2,2,4,3,4,2,4,4,4,2,2,2,4,4,4,2,2,4,4,4,4,4,2,4,4,4,4,4,4,4,1,2,4,3,4,2,2,42,44,44,31,30
1,2,2,5,2,1,4,4,5,2,1,4,2,2,2,1,2,2,5,2,1,4,2,5,2,3,2,2,5,2,2,2,2,4,2,2,4,2,2,4,1,2,2,1,2,1,2,2,2,2,2,4,2,4,2,1,2,2,1,2,17,34,26,41,26
4,4,4,4,5,3,5,4,2,4,5,4,4,4,2,4,4,2,3,5,2,4,4,2,4,4,3,4,3,4,4,4,2,2,5,4,4,3,2,3,4,4,4,4,4,4,4,4,4,5,4,5,3,2,4,5,4,4,4,2,47,49,42,36,47
2,2,4,4,4,5,2,2,4,4,4,2,2,4,2,5,2,1,4,2,2,4,4,4,2,4,2,2,4,4,5,1,1,2,5,4,2,2,2,2,2,2,2,4,4,2,2,2,4,2,5,2,2,2,2,4,1,1,4,2,44,24,25,42,35
4,5,4,2,5,4,5,5,2,5,4,4,4,2,5,4,5,2,2,5,4,4,4,1,5,4,4,4,2,5,4,5,4,2,5,4,5,4,2,5,4,4,4,4,4,3,5,4,3,5,5,5,4,2,4,5,4,4,2,5,49,55,47,26,58
2,3,4,3,2,2,4,4,3,2,4,4,5,2,2,3,4,5,3,1,2,5,4,2,2,4,3,4,2,2,4,4,4,2,2,4,5,4,2,2,2,4,4,2,4,2,5,4,3,4,4,4,4,2,2,2,3,4,1,2,35,48,50,27,27
2,5,4,2,4,2,5,4,2,4,4,4,4,2,4,2,5,4,2,3,2,5,4,2,4,3,4,4,2,4,2,4,4,2,4,4,5,3,4,4,2,4,4,2,4,2,5,4,4,4,4,4,4,2,4,4,4,4,2,4,33,54,47,28,47
1,5,2,2,4,2,5,2,5,4,4,4,4,4,4,2,4,2,4,4,2,4,4,1,4,1,1,2,2,4,1,4,2,4,4,2,4,4,2,4,2,4,4,5,4,2,5,4,4,4,5,4,4,2,4,3,1,2,4,5,27,45,36,39,49
2,5,5,2,1,2,5,5,2,3,4,5,5,2,2,4,5,2,2,2,2,5,5,1,5,5,5,5,2,4,4,5,3,2,2,4,5,4,4,4,4,4,5,4,4,2,5,5,4,5,5,5,5,2,4,5,4,5,2,2,43,58,54,29,38
4,2,4,4,2,4,3,4,2,2,4,4,2,2,2,5,4,2,4,2,4,4,4,2,2,4,2,2,2,4,5,2,2,2,2,4,4,4,2,2,5,4,4,4,4,2,4,4,4,2,5,3,4,1,2,4,2,2,2,2,50,38,38,31,28
2,4,4,4,3,4,4,5,1,3,5,4,4,4,3,4,4,2,5,2,2,4,4,4,1,4,2,2,4,4,4,4,2,5,3,1,4,4,2,4,4,2,4,4,4,4,5,5,4,3,5,4,5,2,2,5,2,4,4,4,44,43,45,43,36
2,2,4,4,4,4,5,5,2,5,4,4,5,2,5,4,4,4,4,4,5,4,4,2,4,5,2,2,2,5,4,4,2,2,4,4,4,5,2,5,4,4,5,2,4,2,4,4,4,2,5,4,5,2,4,4,2,4,2,4,47,43,49,30,50
5,4,4,2,5,4,5,4,1,5,5,4,4,2,5,4,5,2,4,4,4,4,4,1,4,4,5,2,2,5,4,5,2,3,5,5,5,4,2,4,5,4,4,2,4,5,4,4,2,4,5,5,5,1,4,5,4,2,5,5,55,54,41,27,54
5,3,4,2,5,5,5,5,1,5,5,4,4,2,5,5,5,2,2,5,4,5,5,1,5,5,4,4,2,5,4,4,2,2,5,4,4,4,2,5,5,4,4,4,5,5,5,4,2,5,5,4,4,1,4,5,4,4,2,5,57,51,46,23,59
2,3,2,4,4,2,4,1,4,2,4,4,2,4,2,2,4,2,3,2,2,4,1,3,2,1,3,2,4,3,2,3,2,2,2,4,4,2,2,2,1,4,2,4,4,2,4,2,4,2,4,4,2,2,4,3,3,2,3,2,29,44,22,39,31
4,3,4,3,4,4,5,5,2,5,5,4,4,2,3,4,5,2,2,4,3,5,4,2,4,5,3,4,2,4,4,4,2,2,2,4,5,4,2,4,5,4,4,2,4,3,4,5,2,5,4,5,4,1,4,5,4,4,2,4,50,51,46,24,47
3,4,4,2,4,3,5,5,2,4,4,4,4,2,4,4,5,4,2,2,2,5,4,2,4,4,4,4,2,4,4,4,4,2,4,4,5,4,2,4,4,4,4,2,4,2,5,5,3,5,4,5,4,2,4,4,4,4,2,4,42,54,50,25,47
4,5,4,2,4,4,5,4,2,4,4,4,4,2,4,4,5,2,2,2,2,5,4,2,4,4,4,4,2,4,4,5,2,2,4,4,5,4,2,4,4,4,4,2,4,2,5,5,2,5,4,5,4,1,4,5,4,4,2,4,45,56,45,23,47
2,4,4,2,5,2,5,4,2,2,4,4,4,2,2,2,4,2,2,4,2,5,4,2,2,4,4,2,2,4,2,4,2,2,4,2,4,4,2,2,3,4,4,2,4,2,4,4,4,4,4,5,4,2,2,4,4,4,2,3,33,51,42,26,38
2,3,4,4,4,2,4,4,3,2,4,4,4,2,2,4,4,2,2,1,2,5,4,2,4,4,3,4,3,4,4,4,2,2,2,4,4,3,2,2,4,4,4,3,4,2,4,4,4,4,4,4,4,2,2,4,3,4,2,2,40,46,43,31,33
2,4,4,2,5,2,5,4,2,4,4,5,4,2,4,2,5,2,2,5,2,5,4,2,5,4,4,4,2,5,2,4,3,2,5,4,5,4,2,5,2,4,4,2,4,2,5,5,2,5,4,5,4,2,4,4,4,4,2,4,34,55,46,24,55
2,4,2,4,2,2,4,3,4,2,2,4,4,3,2,2,4,2,3,2,2,5,3,3,1,3,3,2,3,2,3,3,2,3,2,2,4,3,3,2,2,4,3,3,4,2,4,4,4,2,4,4,3,3,2,2,3,3,2,2,28,46,34,38,25
2,4,4,2,5,2,4,4,2,4,4,4,2,4,5,4,5,2,2,5,2,5,4,2,4,4,4,2,4,5,2,4,2,2,5,4,5,2,2,4,2,4,2,4,5,2,5,4,4,5,4,4,2,2,4,5,4,4,2,5,37,52,34,32,56
2,3,4,2,5,4,5,5,2,5,5,5,4,2,4,4,5,2,2,4,2,5,4,2,5,5,4,4,2,5,4,4,2,2,2,4,5,4,1,4,5,4,4,2,4,2,5,5,2,5,5,4,5,1,4,5,4,4,1,4,47,53,47,21,51
3,4,4,2,1,3,5,5,2,3,5,5,4,1,2,4,5,2,2,1,2,5,4,2,1,5,4,4,2,4,4,4,2,2,2,4,5,4,1,2,4,5,4,2,4,2,5,4,2,5,4,4,4,1,2,5,4,4,1,2,45,55,45,20,29
2,4,4,2,5,2,4,2,3,4,4,4,3,2,2,4,4,2,2,4,2,5,4,2,4,2,3,3,4,4,2,3,2,2,4,3,4,2,2,4,2,4,3,4,4,4,4,4,4,4,4,4,2,2,4,4,4,2,2,3,35,47,33,31,46
5,4,4,1,5,4,5,5,2,4,5,4,4,2,3,4,5,2,2,4,2,5,4,1,4,5,4,2,2,5,4,4,2,2,4,4,4,4,2,2,5,4,4,2,4,2,5,4,2,5,4,4,4,1,4,5,4,2,2,3,49,52,41,21,47
1,2,4,4,5,1,3,5,4,2,2,4,2,4,2,1,4,2,5,4,1,5,4,4,4,5,2,4,4,4,1,2,4,5,4,1,2,2,4,5,4,2,2,2,4,1,4,5,5,2,4,2,5,4,4,1,2,4,2,2,23,34,43,47,42
2,4,4,2,4,2,5,4,2,4,4,4,4,2,4,3,5,2,3,2,2,4,4,2,4,4,4,4,2,4,4,4,2,2,2,4,5,4,2,4,2,4,4,2,4,2,5,4,4,4,4,4,4,2,4,3,4,4,2,3,36,52,44,27,43
4,4,5,2,5,4,5,5,2,5,4,4,4,2,4,4,4,4,2,5,2,4,4,2,5,4,4,4,2,5,4,4,4,2,5,4,4,5,2,5,2,4,4,2,4,2,5,5,4,5,5,5,5,2,4,4,4,4,2,4,43,51,53,26,56
1,2,4,2,4,2,3,2,4,2,4,4,2,2,2,1,4,2,2,4,1,5,4,1,2,2,3,4,2,4,1,2,2,2,2,2,5,2,2,4,2,4,2,2,4,1,4,4,2,2,5,2,2,2,2,2,2,4,2,2,24,40,34,25,34
3,4,4,3,5,3,5,4,2,4,5,4,4,2,4,4,5,2,4,5,2,4,4,2,4,4,4,2,2,5,4,4,2,2,5,4,4,4,2,4,4,4,4,2,4,2,5,4,4,5,5,4,4,2,4,4,4,4,2,4,44,51,42,29,53
2,5,4,2,2,2,5,5,2,4,4,5,5,2,2,2,5,4,2,2,2,5,5,2,4,4,4,4,2,4,4,5,3,2,2,4,5,4,2,4,4,4,5,2,4,2,5,5,2,5,4,5,4,1,4,4,4,5,1,2,38,57,53,22,39
5,2,5,1,5,5,5,4,1,5,4,5,5,5,5,4,5,2,5,4,5,4,4,1,5,4,4,1,1,4,4,5,1,1,5,4,1,5,1,5,5,1,5,4,4,5,1,5,1,1,4,4,5,1,5,5,1,1,2,5,54,38,43,24,53
5,5,4,2,5,4,5,5,1,4,5,5,5,2,4,4,5,2,2,4,2,5,4,1,4,4,5,4,2,5,4,5,3,2,5,4,5,4,2,5,5,4,5,4,4,5,5,5,4,5,4,5,5,1,4,5,5,4,2,5,51,59,50,25,54
1,1,1,5,4,2,1,5,5,1,4,4,1,5,1,5,2,1,5,4,2,2,4,5,1,5,1,1,5,4,5,1,1,5,1,2,2,2,5,4,5,1,1,5,4,1,1,2,5,1,5,1,2,5,2,2,1,1,5,1,39,18,22,60,28
2,4,4,3,4,2,5,5,2,4,4,4,4,2,2,4,5,4,2,4,2,5,4,2,4,4,4,4,2,4,4,4,4,2,4,4,5,4,2,4,3,4,4,2,4,2,5,5,3,4,4,5,4,2,4,4,4,4,2,2,39,54,50,26,44
2,3,4,3,2,2,4,5,2,2,5,4,4,2,2,4,5,2,2,1,2,5,4,2,1,4,3,4,2,4,4,3,2,2,2,4,5,4,1,2,4,5,4,2,4,2,5,4,2,4,5,4,4,1,2,5,3,4,1,2,43,49,45,22,28
5,4,4,2,2,2,4,4,3,3,4,5,4,2,2,4,5,2,2,2,2,5,4,2,1,4,4,4,2,4,4,4,2,2,2,4,5,2,2,2,3,5,3,3,4,5,5,5,2,5,4,4,2,1,2,4,4,4,1,2,45,54,40,24,31
4,5,4,2,5,3,5,4,2,4,4,4,4,2,3,4,5,2,2,4,2,5,4,2,4,4,4,4,2,5,4,4,2,2,5,4,5,4,2,4,4,4,4,4,4,3,5,4,3,5,4,5,4,2,4,5,4,4,2,4,45,55,44,27,51
4,5,4,2,4,3,5,5,2,5,5,5,4,2,4,4,5,2,2,2,2,5,4,2,1,4,4,4,2,4,4,4,3,2,3,3,5,3,2,3,4,5,4,3,4,3,5,5,2,5,4,4,2,1,4,5,4,4,2,3,45,56,44,24,42
2,5,4,2,5,2,5,4,2,2,4,4,4,2,3,2,4,2,2,4,2,4,4,2,2,4,4,2,2,5,2,5,2,2,4,2,4,4,2,2,3,4,5,2,4,2,4,4,2,4,4,5,5,2,2,4,4,4,2,3,33,52,44,24,40
1,4,4,5,4,2,4,4,4,4,4,4,4,4,2,2,4,4,5,2,2,5,2,4,4,4,4,4,4,4,1,3,2,5,2,2,4,2,4,4,2,4,4,4,4,2,4,4,5,4,4,4,4,4,4,4,2,4,4,2,30,46,42,52,40
2,5,5,1,5,2,5,4,1,4,4,5,5,2,2,2,5,5,2,5,2,5,4,2,4,4,4,4,2,4,2,5,5,2,5,2,5,4,2,4,2,4,5,2,4,2,5,5,2,4,4,5,4,2,4,4,4,4,1,2,32,57,54,21,47
2,2,4,4,5,4,4,4,2,5,4,4,3,2,4,4,4,2,2,4,2,4,4,2,4,4,3,2,4,5,4,2,2,2,4,4,4,2,2,4,4,4,3,4,4,3,4,4,2,4,4,4,4,2,4,5,4,4,2,5,44,43,38,30,52
2,5,4,2,5,3,5,5,2,5,5,5,4,2,5,4,5,2,2,5,2,5,5,1,4,4,4,4,2,5,4,5,3,2,5,2,5,4,1,4,4,5,4,3,5,2,5,5,2,5,5,5,5,1,4,5,4,5,2,5,42,58,50,22,57
2,4,4,4,4,4,5,5,2,4,4,4,4,4,4,4,4,4,4,2,2,4,4,1,4,4,2,2,4,4,4,5,4,4,5,4,4,5,2,5,4,2,4,2,4,2,2,5,4,2,4,4,5,2,2,2,2,4,4,5,40,42,50,37,45
5,5,2,1,5,2,5,4,1,5,5,5,2,4,5,4,5,1,2,5,2,5,4,1,5,4,4,2,3,5,4,5,2,2,5,4,5,2,2,4,5,5,4,5,5,4,5,5,4,5,5,5,4,2,5,5,5,2,4,5,49,59,34,31,59
2,4,5,2,2,2,5,5,2,3,4,5,5,2,2,2,5,4,2,2,1,5,4,2,4,4,4,4,2,4,2,4,4,2,2,4,5,4,2,2,2,4,4,2,4,2,5,5,2,5,5,5,4,1,4,4,4,4,1,2,34,55,52,22,36
4,4,2,4,5,4,4,4,2,4,4,4,2,4,4,4,4,2,4,5,2,4,4,2,4,4,4,2,4,5,4,4,2,4,5,4,4,2,3,4,5,4,3,4,4,4,4,4,4,4,4,4,4,3,4,5,4,2,4,5,48,48,33,42,53
5,5,4,4,4,3,5,5,2,4,4,4,2,2,2,4,5,2,4,2,2,5,4,4,4,5,4,2,4,5,4,5,2,4,2,4,5,4,2,4,4,4,2,4,4,4,5,5,4,4,5,5,4,2,4,4,4,4,2,3,48,56,40,38,42
4,5,4,4,5,4,5,4,2,5,4,4,3,4,4,4,5,2,4,5,2,5,4,2,5,4,4,4,4,5,4,4,2,4,5,4,4,3,4,5,4,4,3,4,4,2,5,4,4,5,4,4,4,4,4,5,4,4,4,5,45,53,41,44,57
2,2,4,5,4,2,3,5,4,2,5,1,2,5,1,5,4,2,5,2,2,2,2,4,4,4,2,4,5,4,4,4,2,5,3,4,4,2,2,4,2,2,2,5,4,2,4,5,5,4,4,2,4,2,4,5,2,4,5,2,41,32,38,52,38
4,4,4,3,2,3,5,4,2,4,4,4,4,2,3,4,4,4,4,2,2,4,4,2,4,4,4,4,2,2,4,4,4,4,3,4,4,4,2,4,3,4,4,2,4,3,4,4,4,4,4,4,4,2,4,4,4,4,2,3,43,49,48,31,39
2,4,4,2,4,4,5,5,2,4,4,4,5,2,4,4,5,4,2,3,4,5,4,1,5,4,4,4,2,4,4,4,4,2,3,4,5,5,2,4,3,4,5,2,4,2,5,5,2,4,4,5,5,1,4,4,4,4,1,4,43,54,54,21,47
2,4,2,4,2,2,5,4,2,4,4,4,4,4,4,2,4,2,4,2,2,4,4,4,4,4,4,2,3,4,2,5,2,4,2,4,4,3,2,4,4,4,4,2,4,2,4,4,4,4,4,4,5,2,2,4,4,4,2,4,36,50,40,37,40
2,3,4,2,4,2,4,2,4,2,4,5,2,2,2,2,4,2,2,4,2,5,4,3,4,2,3,3,3,4,2,2,2,2,4,2,5,2,2,3,2,4,2,4,4,2,4,4,4,5,4,3,2,2,4,2,3,4,2,2,28,45,33,32,42
2,4,2,5,5,4,5,2,2,4,4,4,4,4,4,4,4,4,4,4,4,4,2,2,4,4,4,2,2,5,4,4,1,4,5,4,5,4,2,4,2,4,4,4,4,2,4,1,4,4,4,5,4,2,4,2,4,2,4,4,40,51,32,39,51
1,5,4,4,3,2,5,4,2,2,2,5,4,2,2,2,5,2,4,3,1,5,2,2,2,1,3,4,3,4,3,4,3,4,3,2,5,2,4,4,1,4,2,2,3,1,5,5,4,4,1,5,2,4,2,2,3,4,2,2,19,54,38,37,34
5,2,4,2,2,4,5,5,2,4,5,4,4,2,4,4,4,2,4,2,4,4,4,2,4,5,4,2,2,4,4,4,2,2,2,4,4,4,2,2,5,4,4,2,4,2,4,4,2,4,4,4,5,1,2,5,4,2,2,3,51,47,42,25,37
4,4,4,2,5,4,5,4,2,4,4,4,5,2,4,2,4,2,4,5,4,4,4,2,4,4,4,4,2,5,4,5,2,2,4,4,4,4,2,4,3,4,5,2,4,2,4,4,2,5,5,4,5,2,4,4,3,4,2,4,44,49,47,26,52
4,5,4,4,5,5,5,5,1,5,5,5,4,1,5,5,5,1,2,2,2,5,5,1,5,5,4,2,2,5,5,5,1,1,2,5,5,4,3,4,5,5,4,5,5,5,5,5,5,5,5,4,5,3,5,5,4,2,4,5,56,57,42,32,53
2,5,4,5,5,4,5,5,4,5,5,4,2,5,4,5,5,2,5,5,2,4,4,4,5,2,2,4,4,5,4,4,2,5,5,4,4,2,4,5,2,4,4,4,4,5,5,5,5,5,5,4,5,4,5,5,2,4,5,4,45,48,43,54,57
4,5,4,2,5,5,5,5,1,4,5,4,5,2,5,4,5,4,4,4,5,4,4,1,4,5,4,4,2,5,4,5,2,2,4,4,4,5,2,4,5,4,5,2,4,2,5,4,2,5,5,5,5,1,4,5,4,4,2,4,53,54,51,23,52
1,1,2,5,2,1,2,4,5,1,1,4,1,5,1,2,4,1,5,1,1,4,2,5,2,2,1,1,5,4,2,1,1,5,1,2,4,1,5,4,1,2,1,5,4,1,4,2,5,4,4,2,1,5,2,1,1,1,5,1,19,30,18,60,27
4,5,5,2,4,4,5,5,2,4,5,5,5,2,4,4,5,4,2,2,5,5,5,1,5,5,4,4,1,5,4,5,4,2,2,5,5,5,1,5,4,4,5,1,5,4,5,5,2,5,5,5,5,1,4,4,4,5,1,4,53,57,57,18,49
2,4,4,2,2,2,5,4,2,4,4,4,5,2,2,2,5,4,4,2,2,5,4,2,4,4,4,4,2,4,2,4,4,2,2,2,5,4,2,3,2,2,5,2,4,2,5,4,2,2,4,5,4,2,2,4,4,4,2,2,32,52,50,26,33
2,4,5,2,2,4,5,5,1,4,5,5,5,1,4,4,5,4,4,1,4,5,5,1,5,5,4,4,1,5,4,5,4,2,2,4,5,5,1,4,5,5,5,2,5,2,5,5,2,5,5,5,5,1,4,5,4,5,1,4,49,57,57,19,45
1,5,5,4,3,2,5,5,2,2,4,4,5,2,2,2,5,5,4,2,2,5,4,3,2,4,5,4,3,4,2,5,4,5,2,2,5,4,4,5,2,4,5,2,4,2,5,5,5,4,4,5,5,2,2,2,4,4,4,2,29,57,55,40,34
3,5,4,2,5,3,5,5,2,5,4,4,4,2,4,2,5,2,4,5,2,5,4,1,4,4,4,4,2,5,4,5,3,2,5,4,5,4,2,4,4,4,4,2,4,3,5,4,2,5,4,5,5,2,4,5,4,4,2,4,42,56,47,25,54
2,4,4,4,5,4,5,5,2,4,4,5,4,2,4,4,4,4,4,2,2,5,4,2,5,4,4,4,3,5,4,4,3,4,3,4,5,4,2,5,3,4,4,3,4,4,5,5,3,5,4,4,4,2,4,5,3,4,2,4,44,52,49,33,50
2,4,4,4,4,3,4,4,2,4,4,4,4,4,3,4,4,2,4,4,2,5,4,3,2,4,4,4,4,4,2,4,2,4,4,2,4,3,4,4,4,4,4,4,4,3,4,4,4,4,4,4,4,4,4,4,4,4,2,3,38,49,43,43,44
2,2,4,4,4,2,4,4,2,5,5,5,3,1,5,4,5,2,2,1,2,5,5,2,4,4,3,4,2,5,4,3,2,2,2,4,5,4,1,3,4,4,3,3,4,2,5,5,2,5,5,4,4,1,4,5,3,4,1,4,43,48,44,23,46
1,5,4,5,4,2,2,4,4,5,4,4,2,4,5,1,4,2,4,4,2,4,4,4,5,2,2,4,4,4,2,2,2,2,2,4,4,2,5,5,2,2,2,4,5,2,2,4,5,4,5,4,2,5,4,2,2,2,4,5,29,37,34,50,52
5,5,4,2,4,5,5,5,1,4,5,4,5,2,4,4,5,2,4,2,5,4,4,1,4,5,4,2,2,5,4,5,2,2,2,4,5,5,2,4,5,4,5,2,4,4,5,4,2,4,4,5,5,1,4,5,4,4,2,4,55,55,47,23,45
2,4,4,2,4,3,4,4,2,3,4,5,4,2,3,3,5,2,2,4,2,5,4,2,1,4,3,4,2,4,4,4,2,2,3,3,5,4,2,3,4,4,4,2,4,2,5,5,2,5,4,4,4,2,2,4,4,4,2,3,39,52,45,24,39
4,5,4,1,4,2,5,4,2,4,4,5,4,2,4,2,5,2,2,4,2,5,4,1,4,4,4,4,2,4,2,4,2,2,5,3,5,2,2,4,4,4,4,2,4,2,5,4,2,4,4,4,2,2,4,4,4,4,2,4,37,55,40,22,49
1,2,2,2,2,2,3,1,4,2,2,4,4,3,2,2,4,2,2,1,2,5,1,2,1,1,3,2,4,2,2,2,2,2,2,2,4,2,2,2,1,4,2,4,2,1,4,2,2,2,4,3,2,4,1,2,2,2,2,2,22,40,24,33,21
4,2,2,1,5,5,3,4,2,5,5,4,1,4,5,5,4,1,2,4,2,4,4,2,4,5,2,1,4,5,4,2,1,2,4,4,4,2,2,5,5,4,2,4,5,2,2,4,2,4,5,2,2,1,4,5,2,1,2,5,51,35,25,28,55
5,5,4,2,5,4,5,5,2,5,5,5,5,2,3,4,5,4,4,2,4,5,4,2,4,4,4,2,2,4,4,5,2,2,4,4,5,4,2,4,4,4,5,2,4,4,5,5,4,5,5,5,5,1,4,5,4,2,2,3,52,57,47,27,47
2,4,1,2,5,2,4,1,4,5,4,4,1,5,4,4,4,1,2,5,1,4,1,4,4,2,4,1,4,5,2,2,1,2,5,2,2,1,4,4,4,4,2,5,4,2,4,1,4,1,5,2,2,4,4,2,2,1,4,5,32,40,14,44,51
2,4,2,4,4,2,4,3,3,4,4,4,3,3,3,2,4,2,4,2,2,4,2,3,4,2,4,2,3,4,2,4,2,4,2,2,4,2,2,4,2,4,3,3,4,2,4,4,4,4,4,4,3,2,4,4,3,2,2,2,30,47,30,37,41
4,5,4,2,2,3,5,5,2,4,4,5,5,2,4,3,5,3,3,3,2,5,4,2,4,4,4,4,2,4,4,5,4,2,3,4,5,4,2,4,4,4,5,2,4,3,5,5,2,4,4,5,5,2,4,4,5,4,2,4,43,58,52,25,44
2,5,4,4,5,1,5,5,2,4,4,5,2,4,2,2,5,2,2,5,1,5,5,5,4,4,1,5,4,5,2,4,4,2,5,4,5,2,4,5,2,5,2,4,5,2,5,5,4,5,4,5,2,1,4,4,4,5,4,2,32,54,43,40,51
5,5,5,2,5,5,5,5,1,5,5,4,5,2,4,4,5,4,4,5,5,5,5,1,4,5,5,4,2,5,4,5,4,2,5,4,5,5,2,5,5,4,5,1,4,4,4,5,2,5,5,5,5,1,4,5,4,4,2,4,56,56,56,22,55
4,5,4,2,5,2,5,5,2,5,4,4,4,2,4,4,5,4,3,5,2,5,4,2,5,4,4,5,2,5,2,5,4,3,5,4,5,4,2,5,4,4,5,2,4,2,5,5,3,5,4,5,4,2,4,4,4,4,2,4,40,56,52,27,56
4,5,4,2,4,2,5,5,2,4,4,5,5,2,4,4,5,2,2,2,2,5,4,2,4,4,4,4,2,5,4,5,4,2,4,4,5,4,1,3,4,4,5,2,4,4,5,5,2,4,4,5,4,1,4,5,4,4,2,4,45,57,50,22,46
2,3,4,3,2,2,4,5,2,3,4,5,4,2,2,4,5,2,3,1,2,5,4,2,2,4,3,2,2,4,4,3,2,2,1,3,5,4,2,2,4,4,4,3,4,2,5,5,4,1,5,4,4,2,2,4,3,4,2,2,40,49,44,29,26
4,1,4,1,4,4,2,5,1,4,5,4,2,2,4,4,2,1,2,2,2,4,4,1,2,5,2,1,4,4,5,2,2,1,2,4,2,2,1,2,5,4,2,4,4,2,2,2,2,2,5,2,2,1,2,5,2,1,2,4,50,29,28,22,36
2,3,4,4,5,4,5,4,2,5,5,4,4,2,5,4,4,2,4,5,2,4,4,2,4,4,4,4,2,5,4,4,2,2,4,4,4,4,2,4,4,4,4,2,5,2,4,4,4,4,4,4,5,2,4,5,4,4,2,4,44,48,45,30,54
5,5,4,2,5,4,5,5,2,5,5,5,5,2,4,4,5,4,4,4,4,5,4,1,4,4,4,2,2,5,4,5,2,2,4,4,5,4,2,4,5,4,5,2,4,4,5,5,3,4,5,5,5,1,4,5,4,2,2,4,53,57,47,25,51
2,4,5,4,4,4,5,5,1,4,4,4,5,2,4,4,5,4,4,2,2,5,4,2,2,4,4,4,2,4,4,5,5,4,2,4,5,5,2,4,3,2,5,2,4,2,4,5,4,4,5,5,5,2,2,3,2,4,2,2,41,50,56,31,38
5,2,5,4,5,5,5,5,1,2,5,5,4,1,5,5,5,5,3,2,5,5,4,1,1,5,3,4,1,5,5,3,2,2,5,5,5,2,1,2,5,5,4,4,5,5,5,5,1,3,5,3,3,1,1,5,3,4,5,5,60,49,47,25,41
4,4,4,4,1,2,4,5,4,2,4,5,2,4,2,4,5,2,4,1,2,5,4,4,1,5,3,2,4,5,4,4,2,4,2,2,5,2,4,2,5,5,2,4,4,2,5,4,4,1,5,4,2,4,1,5,3,4,4,2,44,52,35,48,24
2,4,4,4,5,2,5,4,2,4,4,4,4,4,2,2,4,2,4,5,2,4,4,2,4,4,4,4,3,4,2,4,2,2,4,2,4,4,2,4,2,4,4,4,4,2,4,4,4,4,4,5,5,2,4,4,3,4,2,3,32,49,45,35,47
2,4,4,1,5,2,5,4,1,3,5,5,4,2,2,4,5,2,2,4,2,5,4,1,4,4,4,4,1,5,4,4,2,2,4,4,5,2,1,2,4,4,4,4,4,2,5,4,2,5,4,4,4,1,4,5,4,4,2,3,42,54,42,20,45
2,5,4,2,4,2,5,4,2,4,4,4,4,2,4,2,5,2,2,5,2,5,4,2,4,4,4,2,2,5,2,4,2,2,4,2,5,2,2,4,2,4,4,4,4,2,5,4,4,5,4,5,3,2,4,4,4,4,2,4,32,55,39,28,51
2,5,5,2,5,5,5,5,1,5,5,5,4,1,5,5,5,1,2,1,2,5,5,1,5,5,4,2,2,5,5,5,1,1,4,5,5,2,1,4,5,5,4,5,5,5,5,5,2,5,5,5,5,1,5,5,5,2,1,5,54,59,41,20,54
2,5,4,4,4,2,5,5,2,4,4,4,4,4,2,2,5,4,4,4,2,5,4,4,4,4,3,4,4,4,2,4,2,5,4,2,5,4,4,5,2,4,4,4,4,2,4,5,4,5,4,4,5,4,4,2,2,4,2,2,30,50,49,45,46
2,4,4,4,2,2,5,4,2,4,4,4,4,2,2,2,4,4,4,2,2,5,4,3,4,4,3,3,3,4,2,4,3,4,2,4,5,4,2,3,3,4,4,3,4,2,4,4,4,4,4,4,4,2,4,3,4,4,2,2,34,50,46,35,37
2,4,4,4,4,4,5,5,2,2,4,4,5,2,2,4,5,2,4,4,4,4,4,2,2,4,4,4,2,4,4,4,2,4,4,4,4,5,2,3,4,4,5,2,4,2,4,4,4,4,5,4,5,2,4,4,4,4,2,2,45,50,49,32,39
1,3,4,4,5,2,3,1,4,2,4,5,2,4,2,2,5,2,4,4,1,5,4,4,4,4,3,4,4,5,2,2,2,4,4,2,5,2,4,5,2,4,2,4,4,2,5,4,4,5,5,4,4,4,4,4,3,4,2,2,31,47,35,46,46
2,5,4,2,2,2,5,5,2,4,4,5,4,2,3,2,5,4,2,2,2,5,4,2,4,4,4,4,2,4,2,5,4,2,2,2,5,4,2,4,3,4,5,2,4,2,5,5,2,5,4,5,4,2,4,4,4,5,1,3,33,57,52,23,41
2,3,4,2,4,4,5,5,2,3,4,4,4,2,2,4,4,2,4,4,4,4,4,1,4,2,4,4,2,4,4,4,2,2,4,4,4,4,2,4,4,4,5,2,4,2,4,4,2,4,5,5,5,1,2,5,4,4,2,3,44,49,47,24,42
2,2,4,4,2,2,4,5,2,4,4,4,4,2,2,4,4,2,2,1,2,5,4,2,2,4,3,4,2,4,4,4,2,2,2,4,5,4,2,2,4,4,4,2,4,2,4,4,4,1,5,4,4,1,2,5,2,4,1,2,42,45,45,26,28
